subject_id,manager_family,repository,commit,manifest_sha256,lockfile_sha256,license_files,status,problems
uv_fasttrackpy_01d3fdf,uv,https://github.com/FastTrackiverse/fasttrackpy,01d3fdf1c074f5504702ab18b3069e30a59bc707,f5ed43d9386c97d1b6b6a7a4d127c95b73b3f229fe19f8cae9e69baa0bcba12a,f82b2c32bca4bf801a74f87bfaa08fc774d2cb487ccc515b00f3b5eea1c66b54,LICENSE,pass,
uv_openai_chatkit_python_dacc133,uv,https://github.com/openai/chatkit-python,dacc133c280b39b9334d06ea73f0f1c199e59927,218ef06a54ac279a0879c4670673bcd429ed57bb5d783b54ce723bbe70903ebb,3f37dc83c4f170be8c67df51b24e99a9784b5d6a2955c1579c554337effb67ef,LICENSE,pass,
uv_universal_mcp_github_5a54476,uv,https://github.com/universal-mcp/github,5a544767fba35171a0b457271439088839eca1e6,f96dd2882e47a4b5351abff860bf5d9cb78ab2efd8a92d2dec1d0e6fa4d487f9,26bd05d77da083fd6c0b509942a5a2da5cf20fb4860eea9d1b7068af6da46b92,LICENSE,pass,
pdm_d3x_sd_parsers_0949676,pdm,https://github.com/d3x-at/sd-parsers,0949676c24a5bbaf26ef0aa8c362132b7b27cb5b,6aa87b2dabc185b38edef075b2be667b5eb98611000b9621538d4acde836f41b,dab07b413c2b994cd192068ee2f985ea3e7e2c9a2697d1070cb744a544e3cb4c,LICENSE.txt,pass,
poetry_pycap_b1cf4ae,poetry,https://github.com/redcap-tools/PyCap,b1cf4ae38354638e5e649610968ac4f1539f1287,e2c2b8c1edbc38553eebc9367dbf040c76a4d722e51b40ca84c6c5861e016717,5ae1df7edcd129cfafad63e6bbfd1156a011838aaf5e866882beaea3e1a76b0b,LICENSE,pass,
poetry_python_poetry_cf54a1c,poetry,https://github.com/python-poetry/poetry,cf54a1c046762f0633eed1621f4c6fe36bca3ae0,ecfe5cfd1c9d61eb8317132e47476737104b3268f9e66cc8b8274b1913ae9dd1,ac31c1ccd65066072199bc2048e729efa0c16143f62d55a0c06bacbae0cfa21e,LICENSE,pass,
pdm_project_pdm_ad49b1d,pdm,https://github.com/pdm-project/pdm,ad49b1dfc002621be9d5d7c176d5508c6406464c,c439bdf08572312411019e39a00a207447422a4e656874e9532ce1450edb719e,19225f7ef1b1f41f418b5bf47d5aa42187c6a98362b8206af0bd6ac5a3ab63f6,LICENSE,pass,
uv_astral_sh_uv_3cdf50e,uv,https://github.com/astral-sh/uv,3cdf50e0924f1ace7a92ddbac98b12a958b87688,b6aad18069386eb5188044a6c9ee9482a2d48ff85b23593a92d99068175aa492,304ad88e56bfb6a3a9df28585e3652826a561dfde96b3f4eaee2a8192e7adfea,LICENSE,pass,
poetry_hyperdxio_hyperdx_py_05c52ff,poetry,https://github.com/hyperdxio/hyperdx-py,05c52ffa7e352b0ca5c7117636bcd3a22b70b43c,c0a340d5cd6e53566e726137281a2e381da5424020f0109c14e26c8ae126b51e,2ddf4c696dbe0b5086118aaa6c899db1e78a2e0fa885bfe1b24ec7d8834d9d5b,LICENSE,pass,
poetry_mobilityhouse_ocpp_d6b003d,poetry,https://github.com/mobilityhouse/ocpp,d6b003d9f3ab411994f67d428ea51a82991f49e0,acf797df945f99a6bb083fd607affaf7cd83fafa3d6ddc672bbc0a7dcb7bea25,bc6c4a8774891395694fccc03fa7c900deb42a2fb7903d1f7820627c29f2af4a,LICENSE,pass,
poetry_interledger_open_payments_python_sdk_7428278,poetry,https://github.com/interledger/open-payments-python-sdk,7428278a20e31d2534b5a12d92fffce1b4c90399,8b371bd787df3cc65149ab921d63cdfa2990c0e08c898274b9a8d834b1db4b3c,e1b4b5863356258fb9c322a8fe6cb442a95882a89df130661a940148ac14dad6,LICENSE,pass,
poetry_cloud_carbon_footprint_ccf_coefficients_b0032d9,poetry,https://github.com/cloud-carbon-footprint/ccf-coefficients,b0032d928c787cf76cecd7d1d611c5b46f366e29,448d213d5259b07365135fab90c3cbd2a03d2e8273a10e0232ce07ce07a779f4,23f18536713ab9b086bb5ba6fa1f91853a8c0b44460e5ade1a5f8f85efdd88e4,LICENSE,pass,
pdm_road_core_service_9d65d15,pdm,https://github.com/road-core/service,9d65d15a4d1dec47e5aac15ee86fef39db975006,0ce733e7e683059264fb4fe67854976a21676a1928cf34820b8e3ed329bde9e4,02a73db15778078284fe80e6cd1f6f16089e9daff5edb8b84a817fbd3af2be1b,LICENSE,pass,
pdm_python_validators_validators_70de324,pdm,https://github.com/python-validators/validators,70de324322def13a49a93d222f798ec1ab700885,8bcc2fc3abc7b04a4a4a794001be59aeaa07172dd34a787a889d444f93bedd1f,00c9e02579db4e121222fcd19e80e55f7f156aa725efb8df07d5056aedd65fe4,LICENSE.txt,pass,
uv_pyprojectx_pyprojectx_e615df9,uv,https://github.com/pyprojectx/pyprojectx,e615df93474fdd7b1c5d798c8d521499b3f87c42,8b1aefbc6bd8e5c4876ab942852244bbc10d99ab2d6bf1616b17b063b2d3781f,58098ab82af12aaa9f016a907df0910446b89dffb2f7ba96c37ea0a7bbc56f9e,LICENSE,pass,
poetry_openstates_openstates_org_82d7667,poetry,https://github.com/openstates/openstates.org,82d766722ab3ff3a0e0de2be0271a863c0cbc0ca,3821d48391445bc75a5cebd7f9cd5f3906ae62159ffc8e410b835e8f37b2fe9b,b11791d10a52440b1c97e0bda324f18b66e5aa4696dffbcf5ea7c6a0bb50598d,LICENSE,pass,
poetry_py_mine_pyminenet_4238418,poetry,https://github.com/py-mine/PyMine-Net,423841810f90e5b2151d76595de4c2bb9f324a26,b7883a7eb8808725d6fc85f8f0707a21b0604c05ebe00779a6e24841130b7ac7,9c0fd42708426445d0d407aa34166fc345b4e0f42dffff15d96a4548fe330339,LICENSE,pass,
poetry_pygem_community_pygem_d9f4768,poetry,https://github.com/PyGEM-Community/PyGEM,d9f4768923d223850c8459028ba39d9abc180088,e916b03fd562e21e2d50ce53c01f67e6c14bd8ce89d9e5e5e8ab2c53967d6f24,516049804135aca1e6c4eb55b553716ded1e5f1c90a2bb366a00c70f3fa74fe0,LICENSE.txt,pass,
poetry_chainflip_uniswapv3_python_ecacf7b,poetry,https://github.com/chainflip-io/chainflip-uniswapV3-python,ecacf7b5046fb1936814e1607b2224697a4ff900,a11995e767af0e9f35bef584419fa22f25cb0846c4e1d32252f056f66b630509,0c0a09180232076beb16f1c47e871e11effeb1bb6fb4c19dbec2ca0ceb62c001,LICENSE,pass,
uv_simple_login_documentation_885f248,uv,https://github.com/simple-login/documentation,885f248023a4877740b4f4ed6910cc73e7ee3caa,c5b3d4f8adf5ec7ae2bcc1b6fa27ef3d73b787d4e02cff28a963e859131467b3,dae3da2410c65d5c2e19ce55d0e09b24bfed155b31a8383fd482ee5f16b0850b,LICENSE.md,pass,
piptools_tong89_smartnode_3d8db92,pip-tools,https://github.com/Tong89/smartNode,3d8db92a23f27885f532fb64c71f24941adbe40b,628d03053fa1fed32b390a28665dc94fee58bb2a68e14fea32a0566a531fc887,51493f543a13cf1cd665c35466b51f7a81173a9c3638be1be09612afb59083fb,LICENSE_EVIDENCE.txt,pass,
pipenv_zarmory_good_8cc60d7,pipenv,https://github.com/zarmory/check-pipfile-lock,8cc60d799a108f32633741320c1d8782a8ab836d,057541a403c1a0eab3b3efb0a498055ec80095b8fbf9b5b9462fbe74b320e4ef,3f378020f3c76a13cfe0c600a8be7a73565531f706620b8bede43782fe17ec1d,LICENSE_EVIDENCE.txt,pass,
piptools_python_pyperformance_1d3e217,pip-tools,https://github.com/python/pyperformance,1d3e21798ebf2420b62c1eded4ce94453ba15151,b2b27dda59f8e58093709a666404dffdc389b47ab33a83026c4e6ea236417f56,fb43a1cb68cefff05858b14ffe22fa403226f1dee7900a648eb3d51370b1587a,COPYING,pass,
piptools_rmax_scrapy_inline_requests_2cbbb66,pip-tools,https://github.com/rmax/scrapy-inline-requests,2cbbb66e6e97260b7e126aa9d8ecde1393a554c9,c2dadceae5573e30c1426e436907042c041260f3950901651b03c7bf1916ea95,0798580792aa2144b60429ac215333487171c0c2e7792bcb2e5fb6261e38dc13,LICENSE,pass,
piptools_briancappello_flask_react_spa_b9e4c4b,pip-tools,https://github.com/briancappello/flask-react-spa,b9e4c4b6b27e22e4273d4b4857d78717cdbdc1cc,a0893ba1e2363f7451404ded20e79a57dc44db5c87489a7e495efd98916b5f73,a78acf7ebd47a246e21cf230e4c7668a3e03df0dad388c39e9c0fe6902b80214,LICENSE,pass,
piptools_miserlou_zappa_5a11c17,pip-tools,https://github.com/Miserlou/Zappa,5a11c17f5ecf0568bdb73b4baf6fb08ff0184f39,c474c05db3b16a9243a35e8df511082317f41c3cdf4c55e01438c23f4968eee6,9179ff6a913e52af50b5a203b5fb0a05646064bfcf25206c6c322687b22f13db,LICENSE,pass,
piptools_tesselo_pxapi_4f626f1,pip-tools,https://github.com/tesselo/pxapi,4f626f14ea4fd8c1d293151148999ce40639bdd3,030b177f83f704e2d50d654259c4ebcd9fca7fd0825f21b1106128ecb26f6ffc,663267736e61eb4f353654a705105d14f621dc79998bfa7a0ed54269d7c6946e,LICENSE,pass,
piptools_kiwicom_request_session_3a48443,pip-tools,https://github.com/kiwicom/request-session,3a48443e14f7093720648ae67d8996aae6902a91,241963d24aacc5cb5e599a57004282a1bcea1bea6258f01f8f7fc1c78ea2f7e7,92ebc6c35fa523f4d7a8a62318e7913c4366a62f016dc6b4bbcd3bc5923ac2db,LICENSE,pass,
piptools_kiwicom_konfetti_f80d175,pip-tools,https://github.com/kiwicom/konfetti,f80d175301e0a2ad3178e6ded60a6a3d8525d9d9,26704aa7a9fb7bd1e074c0b514d45d006caf987ee480bdfd869a3a3485fdf992,24de142ac1212c17b0379944c2d6a6fdfc1724587d9768304ddd396d65835f94,LICENSE,pass,
piptools_external_secrets_api_docs_efee255,pip-tools,https://github.com/external-secrets/external-secrets,efee25587d6371bcf55532aa3759054ce540e4e5,ece9eac338850532944d7237039d2efc9d63749c91c642d5d858290add96570e,acfae2a1b6ff4cf73579c0c54a3bcdaed0e09a88e95b5806e433c01e8894ef47,LICENSE,pass,
piptools_marcopaz_is_service_up_9df5ebb,pip-tools,https://github.com/marcopaz/is-service-up,9df5ebb1fbb09102300518855aaa35c0a84bb2bf,abb7c923339ee2da3416ce9f7623e1b18a570e59cd9623e6022c643433a59fc3,f27546845a9c27d78532a383c5dc74deb8d6b7af02b9976aa91de9a15ebff3fd,LICENSE_EVIDENCE.txt,pass,
piptools_jeremylow_himawari_bot_f015860,pip-tools,https://github.com/jeremylow/himawari_bot,f0158604a0d7433205be2bc4d8c6a49a4f211f83,0fa727a117dcdfd286231dde5c80dd0d763d0ae37e827c128cd1519fc720e3a7,2fc261e0f03ee8694b5e0765a25fc86a2bc26d9e22300d8b9203c9d8b879de94,LICENSE,pass,
piptools_dallasnews_django_datafreezer_982dcf2,pip-tools,https://github.com/DallasMorningNews/django-datafreezer,982dcf2015c80a280f1a093e32977cb71d4ea7aa,c1ee574e8d3729747167cb09c4d681f75d098fb07ded85119fcc8676aed4bfd7,9e287e64d6123cb148861c1d17d9fda76ea76bcd30a1955484f47930e8b5ae6b,LICENSE,pass,
piptools_salaah01_django_form_creator_d020ff1,pip-tools,https://github.com/Salaah01/django-form-creator,d020ff124dc2860855004c416a50dd8040d94205,8864de8b5187da4595544e6b8c0ff75305989ea84ab4c9bdc9ba5c1ef93ce934,3ebf2ba0db56e6f8af8fbb6a074a9f6e130bb3e17d9e5925d4bb8604bdbe07cd,LICENSE_EVIDENCE.txt,pass,
piptools_royreznik_plz_970a78d,pip-tools,https://github.com/royreznik/plz,970a78db41c80b2ec6a8b7cab9a7fcb6117f6246,9b6f9c69265323a0ec83ffc68b6b08904206f561d330ef188d517e7fc1095347,dde29cf4ff7e0300f5e53247b4536f526a57aec592cad66666b16b92b46ea05b,LICENSE_EVIDENCE.txt,pass,
piptools_netflix_diffy_web_1d8c109,pip-tools,https://github.com/Netflix-Skunkworks/diffy,1d8c1093023832be40d04021906f8779b37e8521,4e0cb78076e2a329c22d66f1429b77e6c559dfe6252c7724ce9145a3cd47e24e,db863fbf34c7711fbc75edcd3939b3ab1342cebcce27fab0c2e2df49a7d1beb0,LICENSE_EVIDENCE.txt,pass,
pipenv_gillescastel_inkscape_figures_02deea6,pipenv,https://github.com/gillescastel/inkscape-figures,02deea60751102641a7d6d9c6e8b535c0255f2eb,eebe3c2533dbdaeafea5fd536ae108a92ecb102d1be8cba58fb37e338b007dfa,6d90ce9a2dad0157c17b16d771c3c32d231b882589f005b78e186c31942d142f,LICENSE_EVIDENCE.txt,pass,
pipenv_lightrush_cli_template_ea2ceeb,pipenv,https://github.com/lightrush/cli-template,ea2ceeb72999c7936972a925071d534b3186918e,888162f78d97893671ec23cd25b7bd7dbf165402f52d551def3f3e7b6c754865,233b99cc0bceae74bde408228912414efbce82d3e1d825e09da44d501251b7ee,LICENSE_EVIDENCE.txt,pass,
pipenv_joshfinnie_papi_fdf0551,pipenv,https://github.com/joshfinnie/papi,fdf0551634e8423ad591dc5ed90a50a28731da86,9c32d9bfe6b9d2cb63a120848e3eebe897dbab253ad8854b1acecfb5b7a35643,d3b3ed1f7ec5d4d9f04747d63483da6fec73f93d640860b5df6efd09070bf1ff,LICENSE_EVIDENCE.txt,pass,
pdm_bischoff_m_game_of_life_pygame_f68e37d,pdm,https://github.com/bischoff-m/game-of-life-pygame,f68e37ded33aa14c0fc20af5227c5fb245092167,3d1ffea7802f80b41d4ade3b25da15dba5057f9354c639c88efa7fdb4f3c144d,cf0df20c8823b5316dc8a7561aa0f2d14b0bc53c7dec732c43d78879ee19f321,LICENSE_EVIDENCE.txt,pass,
pipenv_tateishi_ledger_parser_ec80021,pipenv,https://github.com/tateishi/ledger-parser,ec80021ac0651db98fdf9a86262b46aba9801f61,7b84b835ee83ddd483ef57cb5ee3b3dd160b5ed2f04971ef4a62a7bc628024d9,ef42dad0a5e273734d4970f2ea7e6a6cba93e34d50d38bbddf715e26134d50f7,LICENSE,pass,
