case_id,subject_id,profile,family,status
mut-uv_fasttrackpy_01d3fdf-inventory-identity,uv_fasttrackpy_01d3fdf,inventory,remove_identity,pass
mut-uv_fasttrackpy_01d3fdf-inventory-integrity,uv_fasttrackpy_01d3fdf,inventory,remove_integrity,pass
mut-uv_fasttrackpy_01d3fdf-inventory-manager_metadata,uv_fasttrackpy_01d3fdf,inventory,remove_manager_metadata,pass
mut-uv_fasttrackpy_01d3fdf-inventory-manifest_agreement,uv_fasttrackpy_01d3fdf,inventory,remove_manifest_agreement,pass
mut-uv_fasttrackpy_01d3fdf-inventory-resolver_epoch,uv_fasttrackpy_01d3fdf,inventory,remove_resolver_epoch,pass
mut-uv_fasttrackpy_01d3fdf-inventory-source,uv_fasttrackpy_01d3fdf,inventory,remove_source,pass
mut-uv_fasttrackpy_01d3fdf-inventory-version,uv_fasttrackpy_01d3fdf,inventory,remove_version,pass
mut-uv_fasttrackpy_01d3fdf-dependency_graph-dependency_edge,uv_fasttrackpy_01d3fdf,dependency_graph,remove_dependency_edge,pass
mut-uv_fasttrackpy_01d3fdf-dependency_graph-identity,uv_fasttrackpy_01d3fdf,dependency_graph,remove_identity,pass
mut-uv_fasttrackpy_01d3fdf-dependency_graph-integrity,uv_fasttrackpy_01d3fdf,dependency_graph,remove_integrity,pass
mut-uv_fasttrackpy_01d3fdf-dependency_graph-manager_metadata,uv_fasttrackpy_01d3fdf,dependency_graph,remove_manager_metadata,pass
mut-uv_fasttrackpy_01d3fdf-dependency_graph-manifest_agreement,uv_fasttrackpy_01d3fdf,dependency_graph,remove_manifest_agreement,pass
mut-uv_fasttrackpy_01d3fdf-dependency_graph-resolver_epoch,uv_fasttrackpy_01d3fdf,dependency_graph,remove_resolver_epoch,pass
mut-uv_fasttrackpy_01d3fdf-dependency_graph-source,uv_fasttrackpy_01d3fdf,dependency_graph,remove_source,pass
mut-uv_fasttrackpy_01d3fdf-dependency_graph-version,uv_fasttrackpy_01d3fdf,dependency_graph,remove_version,pass
mut-uv_openai_chatkit_python_dacc133-inventory-identity,uv_openai_chatkit_python_dacc133,inventory,remove_identity,pass
mut-uv_openai_chatkit_python_dacc133-inventory-integrity,uv_openai_chatkit_python_dacc133,inventory,remove_integrity,pass
mut-uv_openai_chatkit_python_dacc133-inventory-manager_metadata,uv_openai_chatkit_python_dacc133,inventory,remove_manager_metadata,pass
mut-uv_openai_chatkit_python_dacc133-inventory-manifest_agreement,uv_openai_chatkit_python_dacc133,inventory,remove_manifest_agreement,pass
mut-uv_openai_chatkit_python_dacc133-inventory-resolver_epoch,uv_openai_chatkit_python_dacc133,inventory,remove_resolver_epoch,pass
mut-uv_openai_chatkit_python_dacc133-inventory-source,uv_openai_chatkit_python_dacc133,inventory,remove_source,pass
mut-uv_openai_chatkit_python_dacc133-inventory-version,uv_openai_chatkit_python_dacc133,inventory,remove_version,pass
mut-uv_openai_chatkit_python_dacc133-dependency_graph-dependency_edge,uv_openai_chatkit_python_dacc133,dependency_graph,remove_dependency_edge,pass
mut-uv_openai_chatkit_python_dacc133-dependency_graph-identity,uv_openai_chatkit_python_dacc133,dependency_graph,remove_identity,pass
mut-uv_openai_chatkit_python_dacc133-dependency_graph-integrity,uv_openai_chatkit_python_dacc133,dependency_graph,remove_integrity,pass
mut-uv_openai_chatkit_python_dacc133-dependency_graph-manager_metadata,uv_openai_chatkit_python_dacc133,dependency_graph,remove_manager_metadata,pass
mut-uv_openai_chatkit_python_dacc133-dependency_graph-manifest_agreement,uv_openai_chatkit_python_dacc133,dependency_graph,remove_manifest_agreement,pass
mut-uv_openai_chatkit_python_dacc133-dependency_graph-resolver_epoch,uv_openai_chatkit_python_dacc133,dependency_graph,remove_resolver_epoch,pass
mut-uv_openai_chatkit_python_dacc133-dependency_graph-source,uv_openai_chatkit_python_dacc133,dependency_graph,remove_source,pass
mut-uv_openai_chatkit_python_dacc133-dependency_graph-version,uv_openai_chatkit_python_dacc133,dependency_graph,remove_version,pass
mut-uv_universal_mcp_github_5a54476-inventory-identity,uv_universal_mcp_github_5a54476,inventory,remove_identity,pass
mut-uv_universal_mcp_github_5a54476-inventory-integrity,uv_universal_mcp_github_5a54476,inventory,remove_integrity,pass
mut-uv_universal_mcp_github_5a54476-inventory-manager_metadata,uv_universal_mcp_github_5a54476,inventory,remove_manager_metadata,pass
mut-uv_universal_mcp_github_5a54476-inventory-manifest_agreement,uv_universal_mcp_github_5a54476,inventory,remove_manifest_agreement,pass
mut-uv_universal_mcp_github_5a54476-inventory-resolver_epoch,uv_universal_mcp_github_5a54476,inventory,remove_resolver_epoch,pass
mut-uv_universal_mcp_github_5a54476-inventory-source,uv_universal_mcp_github_5a54476,inventory,remove_source,pass
mut-uv_universal_mcp_github_5a54476-inventory-version,uv_universal_mcp_github_5a54476,inventory,remove_version,pass
mut-uv_universal_mcp_github_5a54476-dependency_graph-dependency_edge,uv_universal_mcp_github_5a54476,dependency_graph,remove_dependency_edge,pass
mut-uv_universal_mcp_github_5a54476-dependency_graph-identity,uv_universal_mcp_github_5a54476,dependency_graph,remove_identity,pass
mut-uv_universal_mcp_github_5a54476-dependency_graph-integrity,uv_universal_mcp_github_5a54476,dependency_graph,remove_integrity,pass
mut-uv_universal_mcp_github_5a54476-dependency_graph-manager_metadata,uv_universal_mcp_github_5a54476,dependency_graph,remove_manager_metadata,pass
mut-uv_universal_mcp_github_5a54476-dependency_graph-manifest_agreement,uv_universal_mcp_github_5a54476,dependency_graph,remove_manifest_agreement,pass
mut-uv_universal_mcp_github_5a54476-dependency_graph-resolver_epoch,uv_universal_mcp_github_5a54476,dependency_graph,remove_resolver_epoch,pass
mut-uv_universal_mcp_github_5a54476-dependency_graph-source,uv_universal_mcp_github_5a54476,dependency_graph,remove_source,pass
mut-uv_universal_mcp_github_5a54476-dependency_graph-version,uv_universal_mcp_github_5a54476,dependency_graph,remove_version,pass
mut-poetry_python_poetry_cf54a1c-inventory-identity,poetry_python_poetry_cf54a1c,inventory,remove_identity,pass
mut-poetry_python_poetry_cf54a1c-inventory-integrity,poetry_python_poetry_cf54a1c,inventory,remove_integrity,pass
mut-poetry_python_poetry_cf54a1c-inventory-manager_metadata,poetry_python_poetry_cf54a1c,inventory,remove_manager_metadata,pass
mut-poetry_python_poetry_cf54a1c-inventory-manifest_agreement,poetry_python_poetry_cf54a1c,inventory,remove_manifest_agreement,pass
mut-poetry_python_poetry_cf54a1c-inventory-resolver_epoch,poetry_python_poetry_cf54a1c,inventory,remove_resolver_epoch,pass
mut-poetry_python_poetry_cf54a1c-inventory-source,poetry_python_poetry_cf54a1c,inventory,remove_source,pass
mut-poetry_python_poetry_cf54a1c-inventory-version,poetry_python_poetry_cf54a1c,inventory,remove_version,pass
mut-poetry_python_poetry_cf54a1c-dependency_graph-dependency_edge,poetry_python_poetry_cf54a1c,dependency_graph,remove_dependency_edge,pass
mut-poetry_python_poetry_cf54a1c-dependency_graph-identity,poetry_python_poetry_cf54a1c,dependency_graph,remove_identity,pass
mut-poetry_python_poetry_cf54a1c-dependency_graph-integrity,poetry_python_poetry_cf54a1c,dependency_graph,remove_integrity,pass
mut-poetry_python_poetry_cf54a1c-dependency_graph-manager_metadata,poetry_python_poetry_cf54a1c,dependency_graph,remove_manager_metadata,pass
mut-poetry_python_poetry_cf54a1c-dependency_graph-manifest_agreement,poetry_python_poetry_cf54a1c,dependency_graph,remove_manifest_agreement,pass
mut-poetry_python_poetry_cf54a1c-dependency_graph-resolver_epoch,poetry_python_poetry_cf54a1c,dependency_graph,remove_resolver_epoch,pass
mut-poetry_python_poetry_cf54a1c-dependency_graph-source,poetry_python_poetry_cf54a1c,dependency_graph,remove_source,pass
mut-poetry_python_poetry_cf54a1c-dependency_graph-version,poetry_python_poetry_cf54a1c,dependency_graph,remove_version,pass
mut-uv_astral_sh_uv_3cdf50e-inventory-identity,uv_astral_sh_uv_3cdf50e,inventory,remove_identity,pass
mut-uv_astral_sh_uv_3cdf50e-inventory-integrity,uv_astral_sh_uv_3cdf50e,inventory,remove_integrity,pass
mut-uv_astral_sh_uv_3cdf50e-inventory-manager_metadata,uv_astral_sh_uv_3cdf50e,inventory,remove_manager_metadata,pass
mut-uv_astral_sh_uv_3cdf50e-inventory-manifest_agreement,uv_astral_sh_uv_3cdf50e,inventory,remove_manifest_agreement,pass
mut-uv_astral_sh_uv_3cdf50e-inventory-resolver_epoch,uv_astral_sh_uv_3cdf50e,inventory,remove_resolver_epoch,pass
mut-uv_astral_sh_uv_3cdf50e-inventory-source,uv_astral_sh_uv_3cdf50e,inventory,remove_source,pass
mut-uv_astral_sh_uv_3cdf50e-inventory-version,uv_astral_sh_uv_3cdf50e,inventory,remove_version,pass
mut-uv_astral_sh_uv_3cdf50e-dependency_graph-dependency_edge,uv_astral_sh_uv_3cdf50e,dependency_graph,remove_dependency_edge,pass
mut-uv_astral_sh_uv_3cdf50e-dependency_graph-identity,uv_astral_sh_uv_3cdf50e,dependency_graph,remove_identity,pass
mut-uv_astral_sh_uv_3cdf50e-dependency_graph-integrity,uv_astral_sh_uv_3cdf50e,dependency_graph,remove_integrity,pass
mut-uv_astral_sh_uv_3cdf50e-dependency_graph-manager_metadata,uv_astral_sh_uv_3cdf50e,dependency_graph,remove_manager_metadata,pass
mut-uv_astral_sh_uv_3cdf50e-dependency_graph-manifest_agreement,uv_astral_sh_uv_3cdf50e,dependency_graph,remove_manifest_agreement,pass
mut-uv_astral_sh_uv_3cdf50e-dependency_graph-resolver_epoch,uv_astral_sh_uv_3cdf50e,dependency_graph,remove_resolver_epoch,pass
mut-uv_astral_sh_uv_3cdf50e-dependency_graph-source,uv_astral_sh_uv_3cdf50e,dependency_graph,remove_source,pass
mut-uv_astral_sh_uv_3cdf50e-dependency_graph-version,uv_astral_sh_uv_3cdf50e,dependency_graph,remove_version,pass
mut-pdm_road_core_service_9d65d15-inventory-identity,pdm_road_core_service_9d65d15,inventory,remove_identity,pass
mut-pdm_road_core_service_9d65d15-inventory-integrity,pdm_road_core_service_9d65d15,inventory,remove_integrity,pass
mut-pdm_road_core_service_9d65d15-inventory-manager_metadata,pdm_road_core_service_9d65d15,inventory,remove_manager_metadata,pass
mut-pdm_road_core_service_9d65d15-inventory-manifest_agreement,pdm_road_core_service_9d65d15,inventory,remove_manifest_agreement,pass
mut-pdm_road_core_service_9d65d15-inventory-resolver_epoch,pdm_road_core_service_9d65d15,inventory,remove_resolver_epoch,pass
mut-pdm_road_core_service_9d65d15-inventory-source,pdm_road_core_service_9d65d15,inventory,remove_source,pass
mut-pdm_road_core_service_9d65d15-inventory-version,pdm_road_core_service_9d65d15,inventory,remove_version,pass
mut-pdm_road_core_service_9d65d15-dependency_graph-dependency_edge,pdm_road_core_service_9d65d15,dependency_graph,remove_dependency_edge,pass
mut-pdm_road_core_service_9d65d15-dependency_graph-identity,pdm_road_core_service_9d65d15,dependency_graph,remove_identity,pass
mut-pdm_road_core_service_9d65d15-dependency_graph-integrity,pdm_road_core_service_9d65d15,dependency_graph,remove_integrity,pass
mut-pdm_road_core_service_9d65d15-dependency_graph-manager_metadata,pdm_road_core_service_9d65d15,dependency_graph,remove_manager_metadata,pass
mut-pdm_road_core_service_9d65d15-dependency_graph-manifest_agreement,pdm_road_core_service_9d65d15,dependency_graph,remove_manifest_agreement,pass
mut-pdm_road_core_service_9d65d15-dependency_graph-resolver_epoch,pdm_road_core_service_9d65d15,dependency_graph,remove_resolver_epoch,pass
mut-pdm_road_core_service_9d65d15-dependency_graph-source,pdm_road_core_service_9d65d15,dependency_graph,remove_source,pass
mut-pdm_road_core_service_9d65d15-dependency_graph-version,pdm_road_core_service_9d65d15,dependency_graph,remove_version,pass
mut-uv_pyprojectx_pyprojectx_e615df9-inventory-identity,uv_pyprojectx_pyprojectx_e615df9,inventory,remove_identity,pass
mut-uv_pyprojectx_pyprojectx_e615df9-inventory-integrity,uv_pyprojectx_pyprojectx_e615df9,inventory,remove_integrity,pass
mut-uv_pyprojectx_pyprojectx_e615df9-inventory-manager_metadata,uv_pyprojectx_pyprojectx_e615df9,inventory,remove_manager_metadata,pass
mut-uv_pyprojectx_pyprojectx_e615df9-inventory-manifest_agreement,uv_pyprojectx_pyprojectx_e615df9,inventory,remove_manifest_agreement,pass
mut-uv_pyprojectx_pyprojectx_e615df9-inventory-resolver_epoch,uv_pyprojectx_pyprojectx_e615df9,inventory,remove_resolver_epoch,pass
mut-uv_pyprojectx_pyprojectx_e615df9-inventory-source,uv_pyprojectx_pyprojectx_e615df9,inventory,remove_source,pass
mut-uv_pyprojectx_pyprojectx_e615df9-inventory-version,uv_pyprojectx_pyprojectx_e615df9,inventory,remove_version,pass
mut-uv_pyprojectx_pyprojectx_e615df9-dependency_graph-dependency_edge,uv_pyprojectx_pyprojectx_e615df9,dependency_graph,remove_dependency_edge,pass
mut-uv_pyprojectx_pyprojectx_e615df9-dependency_graph-identity,uv_pyprojectx_pyprojectx_e615df9,dependency_graph,remove_identity,pass
mut-uv_pyprojectx_pyprojectx_e615df9-dependency_graph-integrity,uv_pyprojectx_pyprojectx_e615df9,dependency_graph,remove_integrity,pass
mut-uv_pyprojectx_pyprojectx_e615df9-dependency_graph-manager_metadata,uv_pyprojectx_pyprojectx_e615df9,dependency_graph,remove_manager_metadata,pass
mut-uv_pyprojectx_pyprojectx_e615df9-dependency_graph-manifest_agreement,uv_pyprojectx_pyprojectx_e615df9,dependency_graph,remove_manifest_agreement,pass
mut-uv_pyprojectx_pyprojectx_e615df9-dependency_graph-resolver_epoch,uv_pyprojectx_pyprojectx_e615df9,dependency_graph,remove_resolver_epoch,pass
mut-uv_pyprojectx_pyprojectx_e615df9-dependency_graph-source,uv_pyprojectx_pyprojectx_e615df9,dependency_graph,remove_source,pass
mut-uv_pyprojectx_pyprojectx_e615df9-dependency_graph-version,uv_pyprojectx_pyprojectx_e615df9,dependency_graph,remove_version,pass
mut-uv_simple_login_documentation_885f248-inventory-identity,uv_simple_login_documentation_885f248,inventory,remove_identity,pass
mut-uv_simple_login_documentation_885f248-inventory-integrity,uv_simple_login_documentation_885f248,inventory,remove_integrity,pass
mut-uv_simple_login_documentation_885f248-inventory-manager_metadata,uv_simple_login_documentation_885f248,inventory,remove_manager_metadata,pass
mut-uv_simple_login_documentation_885f248-inventory-manifest_agreement,uv_simple_login_documentation_885f248,inventory,remove_manifest_agreement,pass
mut-uv_simple_login_documentation_885f248-inventory-resolver_epoch,uv_simple_login_documentation_885f248,inventory,remove_resolver_epoch,pass
mut-uv_simple_login_documentation_885f248-inventory-source,uv_simple_login_documentation_885f248,inventory,remove_source,pass
mut-uv_simple_login_documentation_885f248-inventory-version,uv_simple_login_documentation_885f248,inventory,remove_version,pass
mut-uv_simple_login_documentation_885f248-dependency_graph-dependency_edge,uv_simple_login_documentation_885f248,dependency_graph,remove_dependency_edge,pass
mut-uv_simple_login_documentation_885f248-dependency_graph-identity,uv_simple_login_documentation_885f248,dependency_graph,remove_identity,pass
mut-uv_simple_login_documentation_885f248-dependency_graph-integrity,uv_simple_login_documentation_885f248,dependency_graph,remove_integrity,pass
mut-uv_simple_login_documentation_885f248-dependency_graph-manager_metadata,uv_simple_login_documentation_885f248,dependency_graph,remove_manager_metadata,pass
mut-uv_simple_login_documentation_885f248-dependency_graph-manifest_agreement,uv_simple_login_documentation_885f248,dependency_graph,remove_manifest_agreement,pass
mut-uv_simple_login_documentation_885f248-dependency_graph-resolver_epoch,uv_simple_login_documentation_885f248,dependency_graph,remove_resolver_epoch,pass
mut-uv_simple_login_documentation_885f248-dependency_graph-source,uv_simple_login_documentation_885f248,dependency_graph,remove_source,pass
mut-uv_simple_login_documentation_885f248-dependency_graph-version,uv_simple_login_documentation_885f248,dependency_graph,remove_version,pass
mut-pipenv_zarmory_good_8cc60d7-inventory-identity,pipenv_zarmory_good_8cc60d7,inventory,remove_identity,pass
mut-pipenv_zarmory_good_8cc60d7-inventory-integrity,pipenv_zarmory_good_8cc60d7,inventory,remove_integrity,pass
mut-pipenv_zarmory_good_8cc60d7-inventory-manager_metadata,pipenv_zarmory_good_8cc60d7,inventory,remove_manager_metadata,pass
mut-pipenv_zarmory_good_8cc60d7-inventory-manifest_agreement,pipenv_zarmory_good_8cc60d7,inventory,remove_manifest_agreement,pass
mut-pipenv_zarmory_good_8cc60d7-inventory-resolver_epoch,pipenv_zarmory_good_8cc60d7,inventory,remove_resolver_epoch,pass
mut-pipenv_zarmory_good_8cc60d7-inventory-source,pipenv_zarmory_good_8cc60d7,inventory,remove_source,pass
mut-pipenv_zarmory_good_8cc60d7-inventory-version,pipenv_zarmory_good_8cc60d7,inventory,remove_version,pass
mut-pipenv_gillescastel_inkscape_figures_02deea6-inventory-identity,pipenv_gillescastel_inkscape_figures_02deea6,inventory,remove_identity,pass
mut-pipenv_gillescastel_inkscape_figures_02deea6-inventory-integrity,pipenv_gillescastel_inkscape_figures_02deea6,inventory,remove_integrity,pass
mut-pipenv_gillescastel_inkscape_figures_02deea6-inventory-manager_metadata,pipenv_gillescastel_inkscape_figures_02deea6,inventory,remove_manager_metadata,pass
mut-pipenv_gillescastel_inkscape_figures_02deea6-inventory-manifest_agreement,pipenv_gillescastel_inkscape_figures_02deea6,inventory,remove_manifest_agreement,pass
mut-pipenv_gillescastel_inkscape_figures_02deea6-inventory-resolver_epoch,pipenv_gillescastel_inkscape_figures_02deea6,inventory,remove_resolver_epoch,pass
mut-pipenv_gillescastel_inkscape_figures_02deea6-inventory-source,pipenv_gillescastel_inkscape_figures_02deea6,inventory,remove_source,pass
mut-pipenv_gillescastel_inkscape_figures_02deea6-inventory-version,pipenv_gillescastel_inkscape_figures_02deea6,inventory,remove_version,pass
mut-pipenv_lightrush_cli_template_ea2ceeb-inventory-identity,pipenv_lightrush_cli_template_ea2ceeb,inventory,remove_identity,pass
mut-pipenv_lightrush_cli_template_ea2ceeb-inventory-integrity,pipenv_lightrush_cli_template_ea2ceeb,inventory,remove_integrity,pass
mut-pipenv_lightrush_cli_template_ea2ceeb-inventory-manager_metadata,pipenv_lightrush_cli_template_ea2ceeb,inventory,remove_manager_metadata,pass
mut-pipenv_lightrush_cli_template_ea2ceeb-inventory-manifest_agreement,pipenv_lightrush_cli_template_ea2ceeb,inventory,remove_manifest_agreement,pass
mut-pipenv_lightrush_cli_template_ea2ceeb-inventory-resolver_epoch,pipenv_lightrush_cli_template_ea2ceeb,inventory,remove_resolver_epoch,pass
mut-pipenv_lightrush_cli_template_ea2ceeb-inventory-source,pipenv_lightrush_cli_template_ea2ceeb,inventory,remove_source,pass
mut-pipenv_lightrush_cli_template_ea2ceeb-inventory-version,pipenv_lightrush_cli_template_ea2ceeb,inventory,remove_version,pass
mut-pipenv_joshfinnie_papi_fdf0551-inventory-identity,pipenv_joshfinnie_papi_fdf0551,inventory,remove_identity,pass
mut-pipenv_joshfinnie_papi_fdf0551-inventory-integrity,pipenv_joshfinnie_papi_fdf0551,inventory,remove_integrity,pass
mut-pipenv_joshfinnie_papi_fdf0551-inventory-manager_metadata,pipenv_joshfinnie_papi_fdf0551,inventory,remove_manager_metadata,pass
mut-pipenv_joshfinnie_papi_fdf0551-inventory-manifest_agreement,pipenv_joshfinnie_papi_fdf0551,inventory,remove_manifest_agreement,pass
mut-pipenv_joshfinnie_papi_fdf0551-inventory-resolver_epoch,pipenv_joshfinnie_papi_fdf0551,inventory,remove_resolver_epoch,pass
mut-pipenv_joshfinnie_papi_fdf0551-inventory-source,pipenv_joshfinnie_papi_fdf0551,inventory,remove_source,pass
mut-pipenv_joshfinnie_papi_fdf0551-inventory-version,pipenv_joshfinnie_papi_fdf0551,inventory,remove_version,pass
mut-pipenv_tateishi_ledger_parser_ec80021-inventory-identity,pipenv_tateishi_ledger_parser_ec80021,inventory,remove_identity,pass
mut-pipenv_tateishi_ledger_parser_ec80021-inventory-integrity,pipenv_tateishi_ledger_parser_ec80021,inventory,remove_integrity,pass
mut-pipenv_tateishi_ledger_parser_ec80021-inventory-manager_metadata,pipenv_tateishi_ledger_parser_ec80021,inventory,remove_manager_metadata,pass
mut-pipenv_tateishi_ledger_parser_ec80021-inventory-manifest_agreement,pipenv_tateishi_ledger_parser_ec80021,inventory,remove_manifest_agreement,pass
mut-pipenv_tateishi_ledger_parser_ec80021-inventory-resolver_epoch,pipenv_tateishi_ledger_parser_ec80021,inventory,remove_resolver_epoch,pass
mut-pipenv_tateishi_ledger_parser_ec80021-inventory-source,pipenv_tateishi_ledger_parser_ec80021,inventory,remove_source,pass
mut-pipenv_tateishi_ledger_parser_ec80021-inventory-version,pipenv_tateishi_ledger_parser_ec80021,inventory,remove_version,pass
mut-partial_integrity-uv_fasttrackpy_01d3fdf-inventory,uv_fasttrackpy_01d3fdf,inventory,partial_integrity,pass
mut-source_relocation-uv_fasttrackpy_01d3fdf-inventory,uv_fasttrackpy_01d3fdf,inventory,source_relocation,pass
mut-empty_inventory-uv_fasttrackpy_01d3fdf-inventory,uv_fasttrackpy_01d3fdf,inventory,empty_inventory,pass
mut-parser_state-uv_fasttrackpy_01d3fdf-inventory,uv_fasttrackpy_01d3fdf,inventory,parser_state,pass
mut-partial_integrity-uv_fasttrackpy_01d3fdf-dependency_graph,uv_fasttrackpy_01d3fdf,dependency_graph,partial_integrity,pass
mut-source_relocation-uv_fasttrackpy_01d3fdf-dependency_graph,uv_fasttrackpy_01d3fdf,dependency_graph,source_relocation,pass
mut-empty_inventory-uv_fasttrackpy_01d3fdf-dependency_graph,uv_fasttrackpy_01d3fdf,dependency_graph,empty_inventory,pass
mut-parser_state-uv_fasttrackpy_01d3fdf-dependency_graph,uv_fasttrackpy_01d3fdf,dependency_graph,parser_state,pass
mut-partial_integrity-uv_openai_chatkit_python_dacc133-inventory,uv_openai_chatkit_python_dacc133,inventory,partial_integrity,pass
mut-source_relocation-uv_openai_chatkit_python_dacc133-inventory,uv_openai_chatkit_python_dacc133,inventory,source_relocation,pass
mut-empty_inventory-uv_openai_chatkit_python_dacc133-inventory,uv_openai_chatkit_python_dacc133,inventory,empty_inventory,pass
mut-parser_state-uv_openai_chatkit_python_dacc133-inventory,uv_openai_chatkit_python_dacc133,inventory,parser_state,pass
mut-partial_integrity-uv_openai_chatkit_python_dacc133-dependency_graph,uv_openai_chatkit_python_dacc133,dependency_graph,partial_integrity,pass
mut-source_relocation-uv_openai_chatkit_python_dacc133-dependency_graph,uv_openai_chatkit_python_dacc133,dependency_graph,source_relocation,pass
mut-empty_inventory-uv_openai_chatkit_python_dacc133-dependency_graph,uv_openai_chatkit_python_dacc133,dependency_graph,empty_inventory,pass
mut-parser_state-uv_openai_chatkit_python_dacc133-dependency_graph,uv_openai_chatkit_python_dacc133,dependency_graph,parser_state,pass
mut-partial_integrity-uv_universal_mcp_github_5a54476-inventory,uv_universal_mcp_github_5a54476,inventory,partial_integrity,pass
mut-source_relocation-uv_universal_mcp_github_5a54476-inventory,uv_universal_mcp_github_5a54476,inventory,source_relocation,pass
mut-empty_inventory-uv_universal_mcp_github_5a54476-inventory,uv_universal_mcp_github_5a54476,inventory,empty_inventory,pass
mut-parser_state-uv_universal_mcp_github_5a54476-inventory,uv_universal_mcp_github_5a54476,inventory,parser_state,pass
mut-partial_integrity-uv_universal_mcp_github_5a54476-dependency_graph,uv_universal_mcp_github_5a54476,dependency_graph,partial_integrity,pass
mut-source_relocation-uv_universal_mcp_github_5a54476-dependency_graph,uv_universal_mcp_github_5a54476,dependency_graph,source_relocation,pass
mut-empty_inventory-uv_universal_mcp_github_5a54476-dependency_graph,uv_universal_mcp_github_5a54476,dependency_graph,empty_inventory,pass
mut-parser_state-uv_universal_mcp_github_5a54476-dependency_graph,uv_universal_mcp_github_5a54476,dependency_graph,parser_state,pass
mut-partial_integrity-poetry_python_poetry_cf54a1c-inventory,poetry_python_poetry_cf54a1c,inventory,partial_integrity,pass
mut-source_relocation-poetry_python_poetry_cf54a1c-inventory,poetry_python_poetry_cf54a1c,inventory,source_relocation,pass
mut-empty_inventory-poetry_python_poetry_cf54a1c-inventory,poetry_python_poetry_cf54a1c,inventory,empty_inventory,pass
mut-parser_state-poetry_python_poetry_cf54a1c-inventory,poetry_python_poetry_cf54a1c,inventory,parser_state,pass
mut-partial_integrity-poetry_python_poetry_cf54a1c-dependency_graph,poetry_python_poetry_cf54a1c,dependency_graph,partial_integrity,pass
mut-source_relocation-poetry_python_poetry_cf54a1c-dependency_graph,poetry_python_poetry_cf54a1c,dependency_graph,source_relocation,pass
mut-empty_inventory-poetry_python_poetry_cf54a1c-dependency_graph,poetry_python_poetry_cf54a1c,dependency_graph,empty_inventory,pass
mut-parser_state-poetry_python_poetry_cf54a1c-dependency_graph,poetry_python_poetry_cf54a1c,dependency_graph,parser_state,pass
mut-partial_integrity-uv_astral_sh_uv_3cdf50e-inventory,uv_astral_sh_uv_3cdf50e,inventory,partial_integrity,pass
mut-source_relocation-uv_astral_sh_uv_3cdf50e-inventory,uv_astral_sh_uv_3cdf50e,inventory,source_relocation,pass
mut-empty_inventory-uv_astral_sh_uv_3cdf50e-inventory,uv_astral_sh_uv_3cdf50e,inventory,empty_inventory,pass
mut-parser_state-uv_astral_sh_uv_3cdf50e-inventory,uv_astral_sh_uv_3cdf50e,inventory,parser_state,pass
mut-partial_integrity-uv_astral_sh_uv_3cdf50e-dependency_graph,uv_astral_sh_uv_3cdf50e,dependency_graph,partial_integrity,pass
mut-source_relocation-uv_astral_sh_uv_3cdf50e-dependency_graph,uv_astral_sh_uv_3cdf50e,dependency_graph,source_relocation,pass
mut-empty_inventory-uv_astral_sh_uv_3cdf50e-dependency_graph,uv_astral_sh_uv_3cdf50e,dependency_graph,empty_inventory,pass
mut-parser_state-uv_astral_sh_uv_3cdf50e-dependency_graph,uv_astral_sh_uv_3cdf50e,dependency_graph,parser_state,pass
mut-partial_integrity-pdm_road_core_service_9d65d15-inventory,pdm_road_core_service_9d65d15,inventory,partial_integrity,pass
mut-source_relocation-pdm_road_core_service_9d65d15-inventory,pdm_road_core_service_9d65d15,inventory,source_relocation,pass
mut-empty_inventory-pdm_road_core_service_9d65d15-inventory,pdm_road_core_service_9d65d15,inventory,empty_inventory,pass
mut-parser_state-pdm_road_core_service_9d65d15-inventory,pdm_road_core_service_9d65d15,inventory,parser_state,pass
mut-partial_integrity-pdm_road_core_service_9d65d15-dependency_graph,pdm_road_core_service_9d65d15,dependency_graph,partial_integrity,pass
mut-source_relocation-pdm_road_core_service_9d65d15-dependency_graph,pdm_road_core_service_9d65d15,dependency_graph,source_relocation,pass
mut-empty_inventory-pdm_road_core_service_9d65d15-dependency_graph,pdm_road_core_service_9d65d15,dependency_graph,empty_inventory,pass
mut-parser_state-pdm_road_core_service_9d65d15-dependency_graph,pdm_road_core_service_9d65d15,dependency_graph,parser_state,pass
mut-partial_integrity-uv_pyprojectx_pyprojectx_e615df9-inventory,uv_pyprojectx_pyprojectx_e615df9,inventory,partial_integrity,pass
mut-source_relocation-uv_pyprojectx_pyprojectx_e615df9-inventory,uv_pyprojectx_pyprojectx_e615df9,inventory,source_relocation,pass
mut-empty_inventory-uv_pyprojectx_pyprojectx_e615df9-inventory,uv_pyprojectx_pyprojectx_e615df9,inventory,empty_inventory,pass
mut-parser_state-uv_pyprojectx_pyprojectx_e615df9-inventory,uv_pyprojectx_pyprojectx_e615df9,inventory,parser_state,pass
mut-partial_integrity-uv_pyprojectx_pyprojectx_e615df9-dependency_graph,uv_pyprojectx_pyprojectx_e615df9,dependency_graph,partial_integrity,pass
mut-source_relocation-uv_pyprojectx_pyprojectx_e615df9-dependency_graph,uv_pyprojectx_pyprojectx_e615df9,dependency_graph,source_relocation,pass
mut-empty_inventory-uv_pyprojectx_pyprojectx_e615df9-dependency_graph,uv_pyprojectx_pyprojectx_e615df9,dependency_graph,empty_inventory,pass
mut-parser_state-uv_pyprojectx_pyprojectx_e615df9-dependency_graph,uv_pyprojectx_pyprojectx_e615df9,dependency_graph,parser_state,pass
mut-partial_integrity-uv_simple_login_documentation_885f248-inventory,uv_simple_login_documentation_885f248,inventory,partial_integrity,pass
mut-source_relocation-uv_simple_login_documentation_885f248-inventory,uv_simple_login_documentation_885f248,inventory,source_relocation,pass
mut-empty_inventory-uv_simple_login_documentation_885f248-inventory,uv_simple_login_documentation_885f248,inventory,empty_inventory,pass
mut-parser_state-uv_simple_login_documentation_885f248-inventory,uv_simple_login_documentation_885f248,inventory,parser_state,pass
mut-partial_integrity-uv_simple_login_documentation_885f248-dependency_graph,uv_simple_login_documentation_885f248,dependency_graph,partial_integrity,pass
mut-source_relocation-uv_simple_login_documentation_885f248-dependency_graph,uv_simple_login_documentation_885f248,dependency_graph,source_relocation,pass
mut-empty_inventory-uv_simple_login_documentation_885f248-dependency_graph,uv_simple_login_documentation_885f248,dependency_graph,empty_inventory,pass
mut-parser_state-uv_simple_login_documentation_885f248-dependency_graph,uv_simple_login_documentation_885f248,dependency_graph,parser_state,pass
mut-partial_integrity-pipenv_zarmory_good_8cc60d7-inventory,pipenv_zarmory_good_8cc60d7,inventory,partial_integrity,pass
mut-source_relocation-pipenv_zarmory_good_8cc60d7-inventory,pipenv_zarmory_good_8cc60d7,inventory,source_relocation,pass
mut-empty_inventory-pipenv_zarmory_good_8cc60d7-inventory,pipenv_zarmory_good_8cc60d7,inventory,empty_inventory,pass
mut-parser_state-pipenv_zarmory_good_8cc60d7-inventory,pipenv_zarmory_good_8cc60d7,inventory,parser_state,pass
mut-partial_integrity-pipenv_gillescastel_inkscape_figures_02deea6-inventory,pipenv_gillescastel_inkscape_figures_02deea6,inventory,partial_integrity,pass
mut-source_relocation-pipenv_gillescastel_inkscape_figures_02deea6-inventory,pipenv_gillescastel_inkscape_figures_02deea6,inventory,source_relocation,pass
mut-empty_inventory-pipenv_gillescastel_inkscape_figures_02deea6-inventory,pipenv_gillescastel_inkscape_figures_02deea6,inventory,empty_inventory,pass
mut-parser_state-pipenv_gillescastel_inkscape_figures_02deea6-inventory,pipenv_gillescastel_inkscape_figures_02deea6,inventory,parser_state,pass
mut-partial_integrity-pipenv_lightrush_cli_template_ea2ceeb-inventory,pipenv_lightrush_cli_template_ea2ceeb,inventory,partial_integrity,pass
mut-source_relocation-pipenv_lightrush_cli_template_ea2ceeb-inventory,pipenv_lightrush_cli_template_ea2ceeb,inventory,source_relocation,pass
mut-empty_inventory-pipenv_lightrush_cli_template_ea2ceeb-inventory,pipenv_lightrush_cli_template_ea2ceeb,inventory,empty_inventory,pass
mut-parser_state-pipenv_lightrush_cli_template_ea2ceeb-inventory,pipenv_lightrush_cli_template_ea2ceeb,inventory,parser_state,pass
mut-partial_integrity-pipenv_joshfinnie_papi_fdf0551-inventory,pipenv_joshfinnie_papi_fdf0551,inventory,partial_integrity,pass
mut-source_relocation-pipenv_joshfinnie_papi_fdf0551-inventory,pipenv_joshfinnie_papi_fdf0551,inventory,source_relocation,pass
mut-empty_inventory-pipenv_joshfinnie_papi_fdf0551-inventory,pipenv_joshfinnie_papi_fdf0551,inventory,empty_inventory,pass
mut-parser_state-pipenv_joshfinnie_papi_fdf0551-inventory,pipenv_joshfinnie_papi_fdf0551,inventory,parser_state,pass
mut-partial_integrity-pipenv_tateishi_ledger_parser_ec80021-inventory,pipenv_tateishi_ledger_parser_ec80021,inventory,partial_integrity,pass
mut-source_relocation-pipenv_tateishi_ledger_parser_ec80021-inventory,pipenv_tateishi_ledger_parser_ec80021,inventory,source_relocation,pass
mut-empty_inventory-pipenv_tateishi_ledger_parser_ec80021-inventory,pipenv_tateishi_ledger_parser_ec80021,inventory,empty_inventory,pass
mut-parser_state-pipenv_tateishi_ledger_parser_ec80021-inventory,pipenv_tateishi_ledger_parser_ec80021,inventory,parser_state,pass
