case_id,subject_id,relation,status
meta-preserve-1-uv_fasttrackpy_01d3fdf,uv_fasttrackpy_01d3fdf,preserve_1,pass
meta-preserve-2-uv_fasttrackpy_01d3fdf,uv_fasttrackpy_01d3fdf,preserve_2,pass
meta-preserve-3-uv_fasttrackpy_01d3fdf,uv_fasttrackpy_01d3fdf,preserve_3,pass
meta-preserve-4-uv_fasttrackpy_01d3fdf,uv_fasttrackpy_01d3fdf,preserve_4,pass
meta-preserve-1-uv_openai_chatkit_python_dacc133,uv_openai_chatkit_python_dacc133,preserve_1,pass
meta-preserve-2-uv_openai_chatkit_python_dacc133,uv_openai_chatkit_python_dacc133,preserve_2,pass
meta-preserve-3-uv_openai_chatkit_python_dacc133,uv_openai_chatkit_python_dacc133,preserve_3,pass
meta-preserve-4-uv_openai_chatkit_python_dacc133,uv_openai_chatkit_python_dacc133,preserve_4,pass
meta-preserve-1-uv_universal_mcp_github_5a54476,uv_universal_mcp_github_5a54476,preserve_1,pass
meta-preserve-2-uv_universal_mcp_github_5a54476,uv_universal_mcp_github_5a54476,preserve_2,pass
meta-preserve-3-uv_universal_mcp_github_5a54476,uv_universal_mcp_github_5a54476,preserve_3,pass
meta-preserve-4-uv_universal_mcp_github_5a54476,uv_universal_mcp_github_5a54476,preserve_4,pass
meta-preserve-1-pdm_d3x_sd_parsers_0949676,pdm_d3x_sd_parsers_0949676,preserve_1,pass
meta-preserve-2-pdm_d3x_sd_parsers_0949676,pdm_d3x_sd_parsers_0949676,preserve_2,pass
meta-preserve-3-pdm_d3x_sd_parsers_0949676,pdm_d3x_sd_parsers_0949676,preserve_3,pass
meta-preserve-4-pdm_d3x_sd_parsers_0949676,pdm_d3x_sd_parsers_0949676,preserve_4,pass
meta-preserve-1-poetry_pycap_b1cf4ae,poetry_pycap_b1cf4ae,preserve_1,pass
meta-preserve-2-poetry_pycap_b1cf4ae,poetry_pycap_b1cf4ae,preserve_2,pass
meta-preserve-3-poetry_pycap_b1cf4ae,poetry_pycap_b1cf4ae,preserve_3,pass
meta-preserve-4-poetry_pycap_b1cf4ae,poetry_pycap_b1cf4ae,preserve_4,pass
meta-preserve-1-poetry_python_poetry_cf54a1c,poetry_python_poetry_cf54a1c,preserve_1,pass
meta-preserve-2-poetry_python_poetry_cf54a1c,poetry_python_poetry_cf54a1c,preserve_2,pass
meta-preserve-3-poetry_python_poetry_cf54a1c,poetry_python_poetry_cf54a1c,preserve_3,pass
meta-preserve-4-poetry_python_poetry_cf54a1c,poetry_python_poetry_cf54a1c,preserve_4,pass
meta-preserve-1-pdm_project_pdm_ad49b1d,pdm_project_pdm_ad49b1d,preserve_1,pass
meta-preserve-2-pdm_project_pdm_ad49b1d,pdm_project_pdm_ad49b1d,preserve_2,pass
meta-preserve-3-pdm_project_pdm_ad49b1d,pdm_project_pdm_ad49b1d,preserve_3,pass
meta-preserve-4-pdm_project_pdm_ad49b1d,pdm_project_pdm_ad49b1d,preserve_4,pass
meta-preserve-1-uv_astral_sh_uv_3cdf50e,uv_astral_sh_uv_3cdf50e,preserve_1,pass
meta-preserve-2-uv_astral_sh_uv_3cdf50e,uv_astral_sh_uv_3cdf50e,preserve_2,pass
meta-preserve-3-uv_astral_sh_uv_3cdf50e,uv_astral_sh_uv_3cdf50e,preserve_3,pass
meta-preserve-4-uv_astral_sh_uv_3cdf50e,uv_astral_sh_uv_3cdf50e,preserve_4,pass
meta-preserve-1-poetry_hyperdxio_hyperdx_py_05c52ff,poetry_hyperdxio_hyperdx_py_05c52ff,preserve_1,pass
meta-preserve-2-poetry_hyperdxio_hyperdx_py_05c52ff,poetry_hyperdxio_hyperdx_py_05c52ff,preserve_2,pass
meta-preserve-3-poetry_hyperdxio_hyperdx_py_05c52ff,poetry_hyperdxio_hyperdx_py_05c52ff,preserve_3,pass
meta-preserve-4-poetry_hyperdxio_hyperdx_py_05c52ff,poetry_hyperdxio_hyperdx_py_05c52ff,preserve_4,pass
meta-preserve-1-poetry_mobilityhouse_ocpp_d6b003d,poetry_mobilityhouse_ocpp_d6b003d,preserve_1,pass
meta-preserve-2-poetry_mobilityhouse_ocpp_d6b003d,poetry_mobilityhouse_ocpp_d6b003d,preserve_2,pass
meta-preserve-3-poetry_mobilityhouse_ocpp_d6b003d,poetry_mobilityhouse_ocpp_d6b003d,preserve_3,pass
meta-preserve-4-poetry_mobilityhouse_ocpp_d6b003d,poetry_mobilityhouse_ocpp_d6b003d,preserve_4,pass
meta-preserve-1-poetry_interledger_open_payments_python_sdk_7428278,poetry_interledger_open_payments_python_sdk_7428278,preserve_1,pass
meta-preserve-2-poetry_interledger_open_payments_python_sdk_7428278,poetry_interledger_open_payments_python_sdk_7428278,preserve_2,pass
meta-preserve-3-poetry_interledger_open_payments_python_sdk_7428278,poetry_interledger_open_payments_python_sdk_7428278,preserve_3,pass
meta-preserve-4-poetry_interledger_open_payments_python_sdk_7428278,poetry_interledger_open_payments_python_sdk_7428278,preserve_4,pass
meta-preserve-1-poetry_cloud_carbon_footprint_ccf_coefficients_b0032d9,poetry_cloud_carbon_footprint_ccf_coefficients_b0032d9,preserve_1,pass
meta-preserve-2-poetry_cloud_carbon_footprint_ccf_coefficients_b0032d9,poetry_cloud_carbon_footprint_ccf_coefficients_b0032d9,preserve_2,pass
meta-preserve-3-poetry_cloud_carbon_footprint_ccf_coefficients_b0032d9,poetry_cloud_carbon_footprint_ccf_coefficients_b0032d9,preserve_3,pass
meta-preserve-4-poetry_cloud_carbon_footprint_ccf_coefficients_b0032d9,poetry_cloud_carbon_footprint_ccf_coefficients_b0032d9,preserve_4,pass
meta-preserve-1-pdm_road_core_service_9d65d15,pdm_road_core_service_9d65d15,preserve_1,pass
meta-preserve-2-pdm_road_core_service_9d65d15,pdm_road_core_service_9d65d15,preserve_2,pass
meta-preserve-3-pdm_road_core_service_9d65d15,pdm_road_core_service_9d65d15,preserve_3,pass
meta-preserve-4-pdm_road_core_service_9d65d15,pdm_road_core_service_9d65d15,preserve_4,pass
meta-preserve-1-pdm_python_validators_validators_70de324,pdm_python_validators_validators_70de324,preserve_1,pass
meta-preserve-2-pdm_python_validators_validators_70de324,pdm_python_validators_validators_70de324,preserve_2,pass
meta-preserve-3-pdm_python_validators_validators_70de324,pdm_python_validators_validators_70de324,preserve_3,pass
meta-preserve-4-pdm_python_validators_validators_70de324,pdm_python_validators_validators_70de324,preserve_4,pass
meta-preserve-1-uv_pyprojectx_pyprojectx_e615df9,uv_pyprojectx_pyprojectx_e615df9,preserve_1,pass
meta-preserve-2-uv_pyprojectx_pyprojectx_e615df9,uv_pyprojectx_pyprojectx_e615df9,preserve_2,pass
meta-preserve-3-uv_pyprojectx_pyprojectx_e615df9,uv_pyprojectx_pyprojectx_e615df9,preserve_3,pass
meta-preserve-4-uv_pyprojectx_pyprojectx_e615df9,uv_pyprojectx_pyprojectx_e615df9,preserve_4,pass
meta-preserve-1-poetry_openstates_openstates_org_82d7667,poetry_openstates_openstates_org_82d7667,preserve_1,pass
meta-preserve-2-poetry_openstates_openstates_org_82d7667,poetry_openstates_openstates_org_82d7667,preserve_2,pass
meta-preserve-3-poetry_openstates_openstates_org_82d7667,poetry_openstates_openstates_org_82d7667,preserve_3,pass
meta-preserve-4-poetry_openstates_openstates_org_82d7667,poetry_openstates_openstates_org_82d7667,preserve_4,pass
meta-preserve-1-poetry_py_mine_pyminenet_4238418,poetry_py_mine_pyminenet_4238418,preserve_1,pass
meta-preserve-2-poetry_py_mine_pyminenet_4238418,poetry_py_mine_pyminenet_4238418,preserve_2,pass
meta-preserve-3-poetry_py_mine_pyminenet_4238418,poetry_py_mine_pyminenet_4238418,preserve_3,pass
meta-preserve-4-poetry_py_mine_pyminenet_4238418,poetry_py_mine_pyminenet_4238418,preserve_4,pass
meta-preserve-1-poetry_pygem_community_pygem_d9f4768,poetry_pygem_community_pygem_d9f4768,preserve_1,pass
meta-preserve-2-poetry_pygem_community_pygem_d9f4768,poetry_pygem_community_pygem_d9f4768,preserve_2,pass
meta-preserve-3-poetry_pygem_community_pygem_d9f4768,poetry_pygem_community_pygem_d9f4768,preserve_3,pass
meta-preserve-4-poetry_pygem_community_pygem_d9f4768,poetry_pygem_community_pygem_d9f4768,preserve_4,pass
meta-preserve-1-poetry_chainflip_uniswapv3_python_ecacf7b,poetry_chainflip_uniswapv3_python_ecacf7b,preserve_1,pass
meta-preserve-2-poetry_chainflip_uniswapv3_python_ecacf7b,poetry_chainflip_uniswapv3_python_ecacf7b,preserve_2,pass
meta-preserve-3-poetry_chainflip_uniswapv3_python_ecacf7b,poetry_chainflip_uniswapv3_python_ecacf7b,preserve_3,pass
meta-preserve-4-poetry_chainflip_uniswapv3_python_ecacf7b,poetry_chainflip_uniswapv3_python_ecacf7b,preserve_4,pass
meta-preserve-1-uv_simple_login_documentation_885f248,uv_simple_login_documentation_885f248,preserve_1,pass
meta-preserve-2-uv_simple_login_documentation_885f248,uv_simple_login_documentation_885f248,preserve_2,pass
meta-preserve-3-uv_simple_login_documentation_885f248,uv_simple_login_documentation_885f248,preserve_3,pass
meta-preserve-4-uv_simple_login_documentation_885f248,uv_simple_login_documentation_885f248,preserve_4,pass
meta-preserve-1-piptools_tong89_smartnode_3d8db92,piptools_tong89_smartnode_3d8db92,preserve_1,pass
meta-preserve-2-piptools_tong89_smartnode_3d8db92,piptools_tong89_smartnode_3d8db92,preserve_2,pass
meta-preserve-3-piptools_tong89_smartnode_3d8db92,piptools_tong89_smartnode_3d8db92,preserve_3,pass
meta-preserve-4-piptools_tong89_smartnode_3d8db92,piptools_tong89_smartnode_3d8db92,preserve_4,pass
meta-preserve-1-pipenv_zarmory_good_8cc60d7,pipenv_zarmory_good_8cc60d7,preserve_1,pass
meta-preserve-2-pipenv_zarmory_good_8cc60d7,pipenv_zarmory_good_8cc60d7,preserve_2,pass
meta-preserve-3-pipenv_zarmory_good_8cc60d7,pipenv_zarmory_good_8cc60d7,preserve_3,pass
meta-preserve-4-pipenv_zarmory_good_8cc60d7,pipenv_zarmory_good_8cc60d7,preserve_4,pass
meta-preserve-1-piptools_python_pyperformance_1d3e217,piptools_python_pyperformance_1d3e217,preserve_1,pass
meta-preserve-2-piptools_python_pyperformance_1d3e217,piptools_python_pyperformance_1d3e217,preserve_2,pass
meta-preserve-3-piptools_python_pyperformance_1d3e217,piptools_python_pyperformance_1d3e217,preserve_3,pass
meta-preserve-4-piptools_python_pyperformance_1d3e217,piptools_python_pyperformance_1d3e217,preserve_4,pass
meta-preserve-1-piptools_rmax_scrapy_inline_requests_2cbbb66,piptools_rmax_scrapy_inline_requests_2cbbb66,preserve_1,pass
meta-preserve-2-piptools_rmax_scrapy_inline_requests_2cbbb66,piptools_rmax_scrapy_inline_requests_2cbbb66,preserve_2,pass
meta-preserve-3-piptools_rmax_scrapy_inline_requests_2cbbb66,piptools_rmax_scrapy_inline_requests_2cbbb66,preserve_3,pass
meta-preserve-4-piptools_rmax_scrapy_inline_requests_2cbbb66,piptools_rmax_scrapy_inline_requests_2cbbb66,preserve_4,pass
meta-preserve-1-piptools_briancappello_flask_react_spa_b9e4c4b,piptools_briancappello_flask_react_spa_b9e4c4b,preserve_1,pass
meta-preserve-2-piptools_briancappello_flask_react_spa_b9e4c4b,piptools_briancappello_flask_react_spa_b9e4c4b,preserve_2,pass
meta-preserve-3-piptools_briancappello_flask_react_spa_b9e4c4b,piptools_briancappello_flask_react_spa_b9e4c4b,preserve_3,pass
meta-preserve-4-piptools_briancappello_flask_react_spa_b9e4c4b,piptools_briancappello_flask_react_spa_b9e4c4b,preserve_4,pass
meta-preserve-1-piptools_miserlou_zappa_5a11c17,piptools_miserlou_zappa_5a11c17,preserve_1,pass
meta-preserve-2-piptools_miserlou_zappa_5a11c17,piptools_miserlou_zappa_5a11c17,preserve_2,pass
meta-preserve-3-piptools_miserlou_zappa_5a11c17,piptools_miserlou_zappa_5a11c17,preserve_3,pass
meta-preserve-4-piptools_miserlou_zappa_5a11c17,piptools_miserlou_zappa_5a11c17,preserve_4,pass
meta-preserve-1-piptools_tesselo_pxapi_4f626f1,piptools_tesselo_pxapi_4f626f1,preserve_1,pass
meta-preserve-2-piptools_tesselo_pxapi_4f626f1,piptools_tesselo_pxapi_4f626f1,preserve_2,pass
meta-preserve-3-piptools_tesselo_pxapi_4f626f1,piptools_tesselo_pxapi_4f626f1,preserve_3,pass
meta-preserve-4-piptools_tesselo_pxapi_4f626f1,piptools_tesselo_pxapi_4f626f1,preserve_4,pass
meta-preserve-1-piptools_kiwicom_request_session_3a48443,piptools_kiwicom_request_session_3a48443,preserve_1,pass
meta-preserve-2-piptools_kiwicom_request_session_3a48443,piptools_kiwicom_request_session_3a48443,preserve_2,pass
meta-preserve-3-piptools_kiwicom_request_session_3a48443,piptools_kiwicom_request_session_3a48443,preserve_3,pass
meta-preserve-4-piptools_kiwicom_request_session_3a48443,piptools_kiwicom_request_session_3a48443,preserve_4,pass
meta-preserve-1-piptools_kiwicom_konfetti_f80d175,piptools_kiwicom_konfetti_f80d175,preserve_1,pass
meta-preserve-2-piptools_kiwicom_konfetti_f80d175,piptools_kiwicom_konfetti_f80d175,preserve_2,pass
meta-preserve-3-piptools_kiwicom_konfetti_f80d175,piptools_kiwicom_konfetti_f80d175,preserve_3,pass
meta-preserve-4-piptools_kiwicom_konfetti_f80d175,piptools_kiwicom_konfetti_f80d175,preserve_4,pass
meta-preserve-1-piptools_external_secrets_api_docs_efee255,piptools_external_secrets_api_docs_efee255,preserve_1,pass
meta-preserve-2-piptools_external_secrets_api_docs_efee255,piptools_external_secrets_api_docs_efee255,preserve_2,pass
meta-preserve-3-piptools_external_secrets_api_docs_efee255,piptools_external_secrets_api_docs_efee255,preserve_3,pass
meta-preserve-4-piptools_external_secrets_api_docs_efee255,piptools_external_secrets_api_docs_efee255,preserve_4,pass
meta-preserve-1-piptools_marcopaz_is_service_up_9df5ebb,piptools_marcopaz_is_service_up_9df5ebb,preserve_1,pass
meta-preserve-2-piptools_marcopaz_is_service_up_9df5ebb,piptools_marcopaz_is_service_up_9df5ebb,preserve_2,pass
meta-preserve-3-piptools_marcopaz_is_service_up_9df5ebb,piptools_marcopaz_is_service_up_9df5ebb,preserve_3,pass
meta-preserve-4-piptools_marcopaz_is_service_up_9df5ebb,piptools_marcopaz_is_service_up_9df5ebb,preserve_4,pass
meta-preserve-1-piptools_jeremylow_himawari_bot_f015860,piptools_jeremylow_himawari_bot_f015860,preserve_1,pass
meta-preserve-2-piptools_jeremylow_himawari_bot_f015860,piptools_jeremylow_himawari_bot_f015860,preserve_2,pass
meta-preserve-3-piptools_jeremylow_himawari_bot_f015860,piptools_jeremylow_himawari_bot_f015860,preserve_3,pass
meta-preserve-4-piptools_jeremylow_himawari_bot_f015860,piptools_jeremylow_himawari_bot_f015860,preserve_4,pass
meta-preserve-1-piptools_dallasnews_django_datafreezer_982dcf2,piptools_dallasnews_django_datafreezer_982dcf2,preserve_1,pass
meta-preserve-2-piptools_dallasnews_django_datafreezer_982dcf2,piptools_dallasnews_django_datafreezer_982dcf2,preserve_2,pass
meta-preserve-3-piptools_dallasnews_django_datafreezer_982dcf2,piptools_dallasnews_django_datafreezer_982dcf2,preserve_3,pass
meta-preserve-4-piptools_dallasnews_django_datafreezer_982dcf2,piptools_dallasnews_django_datafreezer_982dcf2,preserve_4,pass
meta-preserve-1-piptools_salaah01_django_form_creator_d020ff1,piptools_salaah01_django_form_creator_d020ff1,preserve_1,pass
meta-preserve-2-piptools_salaah01_django_form_creator_d020ff1,piptools_salaah01_django_form_creator_d020ff1,preserve_2,pass
meta-preserve-3-piptools_salaah01_django_form_creator_d020ff1,piptools_salaah01_django_form_creator_d020ff1,preserve_3,pass
meta-preserve-4-piptools_salaah01_django_form_creator_d020ff1,piptools_salaah01_django_form_creator_d020ff1,preserve_4,pass
meta-preserve-1-piptools_royreznik_plz_970a78d,piptools_royreznik_plz_970a78d,preserve_1,pass
meta-preserve-2-piptools_royreznik_plz_970a78d,piptools_royreznik_plz_970a78d,preserve_2,pass
meta-preserve-3-piptools_royreznik_plz_970a78d,piptools_royreznik_plz_970a78d,preserve_3,pass
meta-preserve-4-piptools_royreznik_plz_970a78d,piptools_royreznik_plz_970a78d,preserve_4,pass
meta-preserve-1-piptools_netflix_diffy_web_1d8c109,piptools_netflix_diffy_web_1d8c109,preserve_1,pass
meta-preserve-2-piptools_netflix_diffy_web_1d8c109,piptools_netflix_diffy_web_1d8c109,preserve_2,pass
meta-preserve-3-piptools_netflix_diffy_web_1d8c109,piptools_netflix_diffy_web_1d8c109,preserve_3,pass
meta-preserve-4-piptools_netflix_diffy_web_1d8c109,piptools_netflix_diffy_web_1d8c109,preserve_4,pass
meta-preserve-1-pipenv_gillescastel_inkscape_figures_02deea6,pipenv_gillescastel_inkscape_figures_02deea6,preserve_1,pass
meta-preserve-2-pipenv_gillescastel_inkscape_figures_02deea6,pipenv_gillescastel_inkscape_figures_02deea6,preserve_2,pass
meta-preserve-3-pipenv_gillescastel_inkscape_figures_02deea6,pipenv_gillescastel_inkscape_figures_02deea6,preserve_3,pass
meta-preserve-4-pipenv_gillescastel_inkscape_figures_02deea6,pipenv_gillescastel_inkscape_figures_02deea6,preserve_4,pass
meta-preserve-1-pipenv_lightrush_cli_template_ea2ceeb,pipenv_lightrush_cli_template_ea2ceeb,preserve_1,pass
meta-preserve-2-pipenv_lightrush_cli_template_ea2ceeb,pipenv_lightrush_cli_template_ea2ceeb,preserve_2,pass
meta-preserve-3-pipenv_lightrush_cli_template_ea2ceeb,pipenv_lightrush_cli_template_ea2ceeb,preserve_3,pass
meta-preserve-4-pipenv_lightrush_cli_template_ea2ceeb,pipenv_lightrush_cli_template_ea2ceeb,preserve_4,pass
meta-preserve-1-pipenv_joshfinnie_papi_fdf0551,pipenv_joshfinnie_papi_fdf0551,preserve_1,pass
meta-preserve-2-pipenv_joshfinnie_papi_fdf0551,pipenv_joshfinnie_papi_fdf0551,preserve_2,pass
meta-preserve-3-pipenv_joshfinnie_papi_fdf0551,pipenv_joshfinnie_papi_fdf0551,preserve_3,pass
meta-preserve-4-pipenv_joshfinnie_papi_fdf0551,pipenv_joshfinnie_papi_fdf0551,preserve_4,pass
meta-preserve-1-pdm_bischoff_m_game_of_life_pygame_f68e37d,pdm_bischoff_m_game_of_life_pygame_f68e37d,preserve_1,pass
meta-preserve-2-pdm_bischoff_m_game_of_life_pygame_f68e37d,pdm_bischoff_m_game_of_life_pygame_f68e37d,preserve_2,pass
meta-preserve-3-pdm_bischoff_m_game_of_life_pygame_f68e37d,pdm_bischoff_m_game_of_life_pygame_f68e37d,preserve_3,pass
meta-preserve-4-pdm_bischoff_m_game_of_life_pygame_f68e37d,pdm_bischoff_m_game_of_life_pygame_f68e37d,preserve_4,pass
meta-preserve-1-pipenv_tateishi_ledger_parser_ec80021,pipenv_tateishi_ledger_parser_ec80021,preserve_1,pass
meta-preserve-2-pipenv_tateishi_ledger_parser_ec80021,pipenv_tateishi_ledger_parser_ec80021,preserve_2,pass
meta-preserve-3-pipenv_tateishi_ledger_parser_ec80021,pipenv_tateishi_ledger_parser_ec80021,preserve_3,pass
meta-preserve-4-pipenv_tateishi_ledger_parser_ec80021,pipenv_tateishi_ledger_parser_ec80021,preserve_4,pass
meta-weaken-uv_fasttrackpy_01d3fdf-inventory-identity,uv_fasttrackpy_01d3fdf,weaken_identity,pass
meta-weaken-uv_fasttrackpy_01d3fdf-inventory-integrity,uv_fasttrackpy_01d3fdf,weaken_integrity,pass
meta-weaken-uv_fasttrackpy_01d3fdf-inventory-manager_metadata,uv_fasttrackpy_01d3fdf,weaken_manager_metadata,pass
meta-weaken-uv_fasttrackpy_01d3fdf-inventory-manifest_agreement,uv_fasttrackpy_01d3fdf,weaken_manifest_agreement,pass
meta-weaken-uv_fasttrackpy_01d3fdf-inventory-resolver_epoch,uv_fasttrackpy_01d3fdf,weaken_resolver_epoch,pass
meta-weaken-uv_fasttrackpy_01d3fdf-inventory-source,uv_fasttrackpy_01d3fdf,weaken_source,pass
meta-weaken-uv_fasttrackpy_01d3fdf-inventory-version,uv_fasttrackpy_01d3fdf,weaken_version,pass
meta-weaken-uv_fasttrackpy_01d3fdf-dependency_graph-dependency_edge,uv_fasttrackpy_01d3fdf,weaken_dependency_edge,pass
meta-weaken-uv_fasttrackpy_01d3fdf-dependency_graph-identity,uv_fasttrackpy_01d3fdf,weaken_identity,pass
meta-weaken-uv_fasttrackpy_01d3fdf-dependency_graph-integrity,uv_fasttrackpy_01d3fdf,weaken_integrity,pass
meta-weaken-uv_fasttrackpy_01d3fdf-dependency_graph-manager_metadata,uv_fasttrackpy_01d3fdf,weaken_manager_metadata,pass
meta-weaken-uv_fasttrackpy_01d3fdf-dependency_graph-manifest_agreement,uv_fasttrackpy_01d3fdf,weaken_manifest_agreement,pass
meta-weaken-uv_fasttrackpy_01d3fdf-dependency_graph-resolver_epoch,uv_fasttrackpy_01d3fdf,weaken_resolver_epoch,pass
meta-weaken-uv_fasttrackpy_01d3fdf-dependency_graph-source,uv_fasttrackpy_01d3fdf,weaken_source,pass
meta-weaken-uv_fasttrackpy_01d3fdf-dependency_graph-version,uv_fasttrackpy_01d3fdf,weaken_version,pass
meta-weaken-uv_openai_chatkit_python_dacc133-inventory-identity,uv_openai_chatkit_python_dacc133,weaken_identity,pass
meta-weaken-uv_openai_chatkit_python_dacc133-inventory-integrity,uv_openai_chatkit_python_dacc133,weaken_integrity,pass
meta-weaken-uv_openai_chatkit_python_dacc133-inventory-manager_metadata,uv_openai_chatkit_python_dacc133,weaken_manager_metadata,pass
meta-weaken-uv_openai_chatkit_python_dacc133-inventory-manifest_agreement,uv_openai_chatkit_python_dacc133,weaken_manifest_agreement,pass
meta-weaken-uv_openai_chatkit_python_dacc133-inventory-resolver_epoch,uv_openai_chatkit_python_dacc133,weaken_resolver_epoch,pass
meta-weaken-uv_openai_chatkit_python_dacc133-inventory-source,uv_openai_chatkit_python_dacc133,weaken_source,pass
meta-weaken-uv_openai_chatkit_python_dacc133-inventory-version,uv_openai_chatkit_python_dacc133,weaken_version,pass
meta-weaken-uv_openai_chatkit_python_dacc133-dependency_graph-dependency_edge,uv_openai_chatkit_python_dacc133,weaken_dependency_edge,pass
meta-weaken-uv_openai_chatkit_python_dacc133-dependency_graph-identity,uv_openai_chatkit_python_dacc133,weaken_identity,pass
meta-weaken-uv_openai_chatkit_python_dacc133-dependency_graph-integrity,uv_openai_chatkit_python_dacc133,weaken_integrity,pass
meta-weaken-uv_openai_chatkit_python_dacc133-dependency_graph-manager_metadata,uv_openai_chatkit_python_dacc133,weaken_manager_metadata,pass
meta-weaken-uv_openai_chatkit_python_dacc133-dependency_graph-manifest_agreement,uv_openai_chatkit_python_dacc133,weaken_manifest_agreement,pass
meta-weaken-uv_openai_chatkit_python_dacc133-dependency_graph-resolver_epoch,uv_openai_chatkit_python_dacc133,weaken_resolver_epoch,pass
meta-weaken-uv_openai_chatkit_python_dacc133-dependency_graph-source,uv_openai_chatkit_python_dacc133,weaken_source,pass
meta-weaken-uv_openai_chatkit_python_dacc133-dependency_graph-version,uv_openai_chatkit_python_dacc133,weaken_version,pass
meta-weaken-uv_universal_mcp_github_5a54476-inventory-identity,uv_universal_mcp_github_5a54476,weaken_identity,pass
meta-weaken-uv_universal_mcp_github_5a54476-inventory-integrity,uv_universal_mcp_github_5a54476,weaken_integrity,pass
meta-weaken-uv_universal_mcp_github_5a54476-inventory-manager_metadata,uv_universal_mcp_github_5a54476,weaken_manager_metadata,pass
meta-weaken-uv_universal_mcp_github_5a54476-inventory-manifest_agreement,uv_universal_mcp_github_5a54476,weaken_manifest_agreement,pass
meta-weaken-uv_universal_mcp_github_5a54476-inventory-resolver_epoch,uv_universal_mcp_github_5a54476,weaken_resolver_epoch,pass
meta-weaken-uv_universal_mcp_github_5a54476-inventory-source,uv_universal_mcp_github_5a54476,weaken_source,pass
meta-weaken-uv_universal_mcp_github_5a54476-inventory-version,uv_universal_mcp_github_5a54476,weaken_version,pass
meta-weaken-uv_universal_mcp_github_5a54476-dependency_graph-dependency_edge,uv_universal_mcp_github_5a54476,weaken_dependency_edge,pass
meta-weaken-uv_universal_mcp_github_5a54476-dependency_graph-identity,uv_universal_mcp_github_5a54476,weaken_identity,pass
meta-weaken-uv_universal_mcp_github_5a54476-dependency_graph-integrity,uv_universal_mcp_github_5a54476,weaken_integrity,pass
meta-weaken-uv_universal_mcp_github_5a54476-dependency_graph-manager_metadata,uv_universal_mcp_github_5a54476,weaken_manager_metadata,pass
meta-weaken-uv_universal_mcp_github_5a54476-dependency_graph-manifest_agreement,uv_universal_mcp_github_5a54476,weaken_manifest_agreement,pass
meta-weaken-uv_universal_mcp_github_5a54476-dependency_graph-resolver_epoch,uv_universal_mcp_github_5a54476,weaken_resolver_epoch,pass
meta-weaken-uv_universal_mcp_github_5a54476-dependency_graph-source,uv_universal_mcp_github_5a54476,weaken_source,pass
meta-weaken-uv_universal_mcp_github_5a54476-dependency_graph-version,uv_universal_mcp_github_5a54476,weaken_version,pass
meta-weaken-poetry_python_poetry_cf54a1c-inventory-identity,poetry_python_poetry_cf54a1c,weaken_identity,pass
meta-weaken-poetry_python_poetry_cf54a1c-inventory-integrity,poetry_python_poetry_cf54a1c,weaken_integrity,pass
meta-weaken-poetry_python_poetry_cf54a1c-inventory-manager_metadata,poetry_python_poetry_cf54a1c,weaken_manager_metadata,pass
meta-weaken-poetry_python_poetry_cf54a1c-inventory-manifest_agreement,poetry_python_poetry_cf54a1c,weaken_manifest_agreement,pass
meta-weaken-poetry_python_poetry_cf54a1c-inventory-resolver_epoch,poetry_python_poetry_cf54a1c,weaken_resolver_epoch,pass
meta-weaken-poetry_python_poetry_cf54a1c-inventory-source,poetry_python_poetry_cf54a1c,weaken_source,pass
meta-weaken-poetry_python_poetry_cf54a1c-inventory-version,poetry_python_poetry_cf54a1c,weaken_version,pass
meta-weaken-poetry_python_poetry_cf54a1c-dependency_graph-dependency_edge,poetry_python_poetry_cf54a1c,weaken_dependency_edge,pass
meta-weaken-poetry_python_poetry_cf54a1c-dependency_graph-identity,poetry_python_poetry_cf54a1c,weaken_identity,pass
meta-weaken-poetry_python_poetry_cf54a1c-dependency_graph-integrity,poetry_python_poetry_cf54a1c,weaken_integrity,pass
meta-weaken-poetry_python_poetry_cf54a1c-dependency_graph-manager_metadata,poetry_python_poetry_cf54a1c,weaken_manager_metadata,pass
meta-weaken-poetry_python_poetry_cf54a1c-dependency_graph-manifest_agreement,poetry_python_poetry_cf54a1c,weaken_manifest_agreement,pass
meta-weaken-poetry_python_poetry_cf54a1c-dependency_graph-resolver_epoch,poetry_python_poetry_cf54a1c,weaken_resolver_epoch,pass
meta-weaken-poetry_python_poetry_cf54a1c-dependency_graph-source,poetry_python_poetry_cf54a1c,weaken_source,pass
meta-weaken-poetry_python_poetry_cf54a1c-dependency_graph-version,poetry_python_poetry_cf54a1c,weaken_version,pass
meta-weaken-uv_astral_sh_uv_3cdf50e-inventory-identity,uv_astral_sh_uv_3cdf50e,weaken_identity,pass
meta-weaken-uv_astral_sh_uv_3cdf50e-inventory-integrity,uv_astral_sh_uv_3cdf50e,weaken_integrity,pass
meta-weaken-uv_astral_sh_uv_3cdf50e-inventory-manager_metadata,uv_astral_sh_uv_3cdf50e,weaken_manager_metadata,pass
meta-weaken-uv_astral_sh_uv_3cdf50e-inventory-manifest_agreement,uv_astral_sh_uv_3cdf50e,weaken_manifest_agreement,pass
meta-weaken-uv_astral_sh_uv_3cdf50e-inventory-resolver_epoch,uv_astral_sh_uv_3cdf50e,weaken_resolver_epoch,pass
meta-weaken-uv_astral_sh_uv_3cdf50e-inventory-source,uv_astral_sh_uv_3cdf50e,weaken_source,pass
meta-weaken-uv_astral_sh_uv_3cdf50e-inventory-version,uv_astral_sh_uv_3cdf50e,weaken_version,pass
meta-weaken-uv_astral_sh_uv_3cdf50e-dependency_graph-dependency_edge,uv_astral_sh_uv_3cdf50e,weaken_dependency_edge,pass
meta-weaken-uv_astral_sh_uv_3cdf50e-dependency_graph-identity,uv_astral_sh_uv_3cdf50e,weaken_identity,pass
meta-weaken-uv_astral_sh_uv_3cdf50e-dependency_graph-integrity,uv_astral_sh_uv_3cdf50e,weaken_integrity,pass
meta-weaken-uv_astral_sh_uv_3cdf50e-dependency_graph-manager_metadata,uv_astral_sh_uv_3cdf50e,weaken_manager_metadata,pass
meta-weaken-uv_astral_sh_uv_3cdf50e-dependency_graph-manifest_agreement,uv_astral_sh_uv_3cdf50e,weaken_manifest_agreement,pass
meta-weaken-uv_astral_sh_uv_3cdf50e-dependency_graph-resolver_epoch,uv_astral_sh_uv_3cdf50e,weaken_resolver_epoch,pass
meta-weaken-uv_astral_sh_uv_3cdf50e-dependency_graph-source,uv_astral_sh_uv_3cdf50e,weaken_source,pass
meta-weaken-uv_astral_sh_uv_3cdf50e-dependency_graph-version,uv_astral_sh_uv_3cdf50e,weaken_version,pass
meta-weaken-pdm_road_core_service_9d65d15-inventory-identity,pdm_road_core_service_9d65d15,weaken_identity,pass
meta-weaken-pdm_road_core_service_9d65d15-inventory-integrity,pdm_road_core_service_9d65d15,weaken_integrity,pass
meta-weaken-pdm_road_core_service_9d65d15-inventory-manager_metadata,pdm_road_core_service_9d65d15,weaken_manager_metadata,pass
meta-weaken-pdm_road_core_service_9d65d15-inventory-manifest_agreement,pdm_road_core_service_9d65d15,weaken_manifest_agreement,pass
meta-weaken-pdm_road_core_service_9d65d15-inventory-resolver_epoch,pdm_road_core_service_9d65d15,weaken_resolver_epoch,pass
meta-weaken-pdm_road_core_service_9d65d15-inventory-source,pdm_road_core_service_9d65d15,weaken_source,pass
meta-weaken-pdm_road_core_service_9d65d15-inventory-version,pdm_road_core_service_9d65d15,weaken_version,pass
meta-weaken-pdm_road_core_service_9d65d15-dependency_graph-dependency_edge,pdm_road_core_service_9d65d15,weaken_dependency_edge,pass
meta-weaken-pdm_road_core_service_9d65d15-dependency_graph-identity,pdm_road_core_service_9d65d15,weaken_identity,pass
meta-weaken-pdm_road_core_service_9d65d15-dependency_graph-integrity,pdm_road_core_service_9d65d15,weaken_integrity,pass
meta-weaken-pdm_road_core_service_9d65d15-dependency_graph-manager_metadata,pdm_road_core_service_9d65d15,weaken_manager_metadata,pass
meta-weaken-pdm_road_core_service_9d65d15-dependency_graph-manifest_agreement,pdm_road_core_service_9d65d15,weaken_manifest_agreement,pass
meta-weaken-pdm_road_core_service_9d65d15-dependency_graph-resolver_epoch,pdm_road_core_service_9d65d15,weaken_resolver_epoch,pass
meta-weaken-pdm_road_core_service_9d65d15-dependency_graph-source,pdm_road_core_service_9d65d15,weaken_source,pass
meta-weaken-pdm_road_core_service_9d65d15-dependency_graph-version,pdm_road_core_service_9d65d15,weaken_version,pass
meta-weaken-uv_pyprojectx_pyprojectx_e615df9-inventory-identity,uv_pyprojectx_pyprojectx_e615df9,weaken_identity,pass
meta-weaken-uv_pyprojectx_pyprojectx_e615df9-inventory-integrity,uv_pyprojectx_pyprojectx_e615df9,weaken_integrity,pass
meta-weaken-uv_pyprojectx_pyprojectx_e615df9-inventory-manager_metadata,uv_pyprojectx_pyprojectx_e615df9,weaken_manager_metadata,pass
meta-weaken-uv_pyprojectx_pyprojectx_e615df9-inventory-manifest_agreement,uv_pyprojectx_pyprojectx_e615df9,weaken_manifest_agreement,pass
meta-weaken-uv_pyprojectx_pyprojectx_e615df9-inventory-resolver_epoch,uv_pyprojectx_pyprojectx_e615df9,weaken_resolver_epoch,pass
meta-weaken-uv_pyprojectx_pyprojectx_e615df9-inventory-source,uv_pyprojectx_pyprojectx_e615df9,weaken_source,pass
meta-weaken-uv_pyprojectx_pyprojectx_e615df9-inventory-version,uv_pyprojectx_pyprojectx_e615df9,weaken_version,pass
meta-weaken-uv_pyprojectx_pyprojectx_e615df9-dependency_graph-dependency_edge,uv_pyprojectx_pyprojectx_e615df9,weaken_dependency_edge,pass
meta-weaken-uv_pyprojectx_pyprojectx_e615df9-dependency_graph-identity,uv_pyprojectx_pyprojectx_e615df9,weaken_identity,pass
meta-weaken-uv_pyprojectx_pyprojectx_e615df9-dependency_graph-integrity,uv_pyprojectx_pyprojectx_e615df9,weaken_integrity,pass
meta-weaken-uv_pyprojectx_pyprojectx_e615df9-dependency_graph-manager_metadata,uv_pyprojectx_pyprojectx_e615df9,weaken_manager_metadata,pass
meta-weaken-uv_pyprojectx_pyprojectx_e615df9-dependency_graph-manifest_agreement,uv_pyprojectx_pyprojectx_e615df9,weaken_manifest_agreement,pass
meta-weaken-uv_pyprojectx_pyprojectx_e615df9-dependency_graph-resolver_epoch,uv_pyprojectx_pyprojectx_e615df9,weaken_resolver_epoch,pass
meta-weaken-uv_pyprojectx_pyprojectx_e615df9-dependency_graph-source,uv_pyprojectx_pyprojectx_e615df9,weaken_source,pass
meta-weaken-uv_pyprojectx_pyprojectx_e615df9-dependency_graph-version,uv_pyprojectx_pyprojectx_e615df9,weaken_version,pass
meta-weaken-uv_simple_login_documentation_885f248-inventory-identity,uv_simple_login_documentation_885f248,weaken_identity,pass
meta-weaken-uv_simple_login_documentation_885f248-inventory-integrity,uv_simple_login_documentation_885f248,weaken_integrity,pass
meta-weaken-uv_simple_login_documentation_885f248-inventory-manager_metadata,uv_simple_login_documentation_885f248,weaken_manager_metadata,pass
meta-weaken-uv_simple_login_documentation_885f248-inventory-manifest_agreement,uv_simple_login_documentation_885f248,weaken_manifest_agreement,pass
meta-weaken-uv_simple_login_documentation_885f248-inventory-resolver_epoch,uv_simple_login_documentation_885f248,weaken_resolver_epoch,pass
meta-weaken-uv_simple_login_documentation_885f248-inventory-source,uv_simple_login_documentation_885f248,weaken_source,pass
meta-weaken-uv_simple_login_documentation_885f248-inventory-version,uv_simple_login_documentation_885f248,weaken_version,pass
meta-weaken-uv_simple_login_documentation_885f248-dependency_graph-dependency_edge,uv_simple_login_documentation_885f248,weaken_dependency_edge,pass
meta-weaken-uv_simple_login_documentation_885f248-dependency_graph-identity,uv_simple_login_documentation_885f248,weaken_identity,pass
meta-weaken-uv_simple_login_documentation_885f248-dependency_graph-integrity,uv_simple_login_documentation_885f248,weaken_integrity,pass
meta-weaken-uv_simple_login_documentation_885f248-dependency_graph-manager_metadata,uv_simple_login_documentation_885f248,weaken_manager_metadata,pass
meta-weaken-uv_simple_login_documentation_885f248-dependency_graph-manifest_agreement,uv_simple_login_documentation_885f248,weaken_manifest_agreement,pass
meta-weaken-uv_simple_login_documentation_885f248-dependency_graph-resolver_epoch,uv_simple_login_documentation_885f248,weaken_resolver_epoch,pass
meta-weaken-uv_simple_login_documentation_885f248-dependency_graph-source,uv_simple_login_documentation_885f248,weaken_source,pass
meta-weaken-uv_simple_login_documentation_885f248-dependency_graph-version,uv_simple_login_documentation_885f248,weaken_version,pass
meta-weaken-pipenv_zarmory_good_8cc60d7-inventory-identity,pipenv_zarmory_good_8cc60d7,weaken_identity,pass
meta-weaken-pipenv_zarmory_good_8cc60d7-inventory-integrity,pipenv_zarmory_good_8cc60d7,weaken_integrity,pass
meta-weaken-pipenv_zarmory_good_8cc60d7-inventory-manager_metadata,pipenv_zarmory_good_8cc60d7,weaken_manager_metadata,pass
meta-weaken-pipenv_zarmory_good_8cc60d7-inventory-manifest_agreement,pipenv_zarmory_good_8cc60d7,weaken_manifest_agreement,pass
meta-weaken-pipenv_zarmory_good_8cc60d7-inventory-resolver_epoch,pipenv_zarmory_good_8cc60d7,weaken_resolver_epoch,pass
meta-weaken-pipenv_zarmory_good_8cc60d7-inventory-source,pipenv_zarmory_good_8cc60d7,weaken_source,pass
meta-weaken-pipenv_zarmory_good_8cc60d7-inventory-version,pipenv_zarmory_good_8cc60d7,weaken_version,pass
meta-weaken-pipenv_gillescastel_inkscape_figures_02deea6-inventory-identity,pipenv_gillescastel_inkscape_figures_02deea6,weaken_identity,pass
meta-weaken-pipenv_gillescastel_inkscape_figures_02deea6-inventory-integrity,pipenv_gillescastel_inkscape_figures_02deea6,weaken_integrity,pass
meta-weaken-pipenv_gillescastel_inkscape_figures_02deea6-inventory-manager_metadata,pipenv_gillescastel_inkscape_figures_02deea6,weaken_manager_metadata,pass
meta-weaken-pipenv_gillescastel_inkscape_figures_02deea6-inventory-manifest_agreement,pipenv_gillescastel_inkscape_figures_02deea6,weaken_manifest_agreement,pass
meta-weaken-pipenv_gillescastel_inkscape_figures_02deea6-inventory-resolver_epoch,pipenv_gillescastel_inkscape_figures_02deea6,weaken_resolver_epoch,pass
meta-weaken-pipenv_gillescastel_inkscape_figures_02deea6-inventory-source,pipenv_gillescastel_inkscape_figures_02deea6,weaken_source,pass
meta-weaken-pipenv_gillescastel_inkscape_figures_02deea6-inventory-version,pipenv_gillescastel_inkscape_figures_02deea6,weaken_version,pass
meta-weaken-pipenv_lightrush_cli_template_ea2ceeb-inventory-identity,pipenv_lightrush_cli_template_ea2ceeb,weaken_identity,pass
meta-weaken-pipenv_lightrush_cli_template_ea2ceeb-inventory-integrity,pipenv_lightrush_cli_template_ea2ceeb,weaken_integrity,pass
meta-weaken-pipenv_lightrush_cli_template_ea2ceeb-inventory-manager_metadata,pipenv_lightrush_cli_template_ea2ceeb,weaken_manager_metadata,pass
meta-weaken-pipenv_lightrush_cli_template_ea2ceeb-inventory-manifest_agreement,pipenv_lightrush_cli_template_ea2ceeb,weaken_manifest_agreement,pass
meta-weaken-pipenv_lightrush_cli_template_ea2ceeb-inventory-resolver_epoch,pipenv_lightrush_cli_template_ea2ceeb,weaken_resolver_epoch,pass
meta-weaken-pipenv_lightrush_cli_template_ea2ceeb-inventory-source,pipenv_lightrush_cli_template_ea2ceeb,weaken_source,pass
meta-weaken-pipenv_lightrush_cli_template_ea2ceeb-inventory-version,pipenv_lightrush_cli_template_ea2ceeb,weaken_version,pass
meta-weaken-pipenv_joshfinnie_papi_fdf0551-inventory-identity,pipenv_joshfinnie_papi_fdf0551,weaken_identity,pass
meta-weaken-pipenv_joshfinnie_papi_fdf0551-inventory-integrity,pipenv_joshfinnie_papi_fdf0551,weaken_integrity,pass
meta-weaken-pipenv_joshfinnie_papi_fdf0551-inventory-manager_metadata,pipenv_joshfinnie_papi_fdf0551,weaken_manager_metadata,pass
meta-weaken-pipenv_joshfinnie_papi_fdf0551-inventory-manifest_agreement,pipenv_joshfinnie_papi_fdf0551,weaken_manifest_agreement,pass
meta-weaken-pipenv_joshfinnie_papi_fdf0551-inventory-resolver_epoch,pipenv_joshfinnie_papi_fdf0551,weaken_resolver_epoch,pass
meta-weaken-pipenv_joshfinnie_papi_fdf0551-inventory-source,pipenv_joshfinnie_papi_fdf0551,weaken_source,pass
meta-weaken-pipenv_joshfinnie_papi_fdf0551-inventory-version,pipenv_joshfinnie_papi_fdf0551,weaken_version,pass
meta-weaken-pipenv_tateishi_ledger_parser_ec80021-inventory-identity,pipenv_tateishi_ledger_parser_ec80021,weaken_identity,pass
meta-weaken-pipenv_tateishi_ledger_parser_ec80021-inventory-integrity,pipenv_tateishi_ledger_parser_ec80021,weaken_integrity,pass
meta-weaken-pipenv_tateishi_ledger_parser_ec80021-inventory-manager_metadata,pipenv_tateishi_ledger_parser_ec80021,weaken_manager_metadata,pass
meta-weaken-pipenv_tateishi_ledger_parser_ec80021-inventory-manifest_agreement,pipenv_tateishi_ledger_parser_ec80021,weaken_manifest_agreement,pass
meta-weaken-pipenv_tateishi_ledger_parser_ec80021-inventory-resolver_epoch,pipenv_tateishi_ledger_parser_ec80021,weaken_resolver_epoch,pass
meta-weaken-pipenv_tateishi_ledger_parser_ec80021-inventory-source,pipenv_tateishi_ledger_parser_ec80021,weaken_source,pass
meta-weaken-pipenv_tateishi_ledger_parser_ec80021-inventory-version,pipenv_tateishi_ledger_parser_ec80021,weaken_version,pass
