subject_id,manager_family,profile,projection,projection_accepts,certificate_accepts,projection_over_admits,missing_certificate_types
uv_fasttrackpy_01d3fdf,uv,inventory,parser,True,True,False,
uv_fasttrackpy_01d3fdf,uv,inventory,inventory,True,True,False,
uv_fasttrackpy_01d3fdf,uv,inventory,metadata,True,True,False,
uv_fasttrackpy_01d3fdf,uv,inventory,integrity,True,True,False,
uv_fasttrackpy_01d3fdf,uv,inventory,manifest_subset,True,True,False,
uv_fasttrackpy_01d3fdf,uv,inventory,source_identity,True,True,False,
uv_fasttrackpy_01d3fdf,uv,inventory,resolver_metadata,True,True,False,
uv_fasttrackpy_01d3fdf,uv,inventory,sbom_minimal,True,True,False,
uv_fasttrackpy_01d3fdf,uv,inventory,vulnerability_graph,True,True,False,
uv_fasttrackpy_01d3fdf,uv,inventory,reproducible_lock,True,True,False,
uv_fasttrackpy_01d3fdf,uv,dependency_graph,parser,True,True,False,
uv_fasttrackpy_01d3fdf,uv,dependency_graph,inventory,True,True,False,
uv_fasttrackpy_01d3fdf,uv,dependency_graph,metadata,True,True,False,
uv_fasttrackpy_01d3fdf,uv,dependency_graph,integrity,True,True,False,
uv_fasttrackpy_01d3fdf,uv,dependency_graph,manifest_subset,True,True,False,
uv_fasttrackpy_01d3fdf,uv,dependency_graph,source_identity,True,True,False,
uv_fasttrackpy_01d3fdf,uv,dependency_graph,resolver_metadata,True,True,False,
uv_fasttrackpy_01d3fdf,uv,dependency_graph,sbom_minimal,True,True,False,
uv_fasttrackpy_01d3fdf,uv,dependency_graph,vulnerability_graph,True,True,False,
uv_fasttrackpy_01d3fdf,uv,dependency_graph,reproducible_lock,True,True,False,
uv_openai_chatkit_python_dacc133,uv,inventory,parser,True,True,False,
uv_openai_chatkit_python_dacc133,uv,inventory,inventory,True,True,False,
uv_openai_chatkit_python_dacc133,uv,inventory,metadata,True,True,False,
uv_openai_chatkit_python_dacc133,uv,inventory,integrity,True,True,False,
uv_openai_chatkit_python_dacc133,uv,inventory,manifest_subset,True,True,False,
uv_openai_chatkit_python_dacc133,uv,inventory,source_identity,True,True,False,
uv_openai_chatkit_python_dacc133,uv,inventory,resolver_metadata,True,True,False,
uv_openai_chatkit_python_dacc133,uv,inventory,sbom_minimal,True,True,False,
uv_openai_chatkit_python_dacc133,uv,inventory,vulnerability_graph,True,True,False,
uv_openai_chatkit_python_dacc133,uv,inventory,reproducible_lock,True,True,False,
uv_openai_chatkit_python_dacc133,uv,dependency_graph,parser,True,True,False,
uv_openai_chatkit_python_dacc133,uv,dependency_graph,inventory,True,True,False,
uv_openai_chatkit_python_dacc133,uv,dependency_graph,metadata,True,True,False,
uv_openai_chatkit_python_dacc133,uv,dependency_graph,integrity,True,True,False,
uv_openai_chatkit_python_dacc133,uv,dependency_graph,manifest_subset,True,True,False,
uv_openai_chatkit_python_dacc133,uv,dependency_graph,source_identity,True,True,False,
uv_openai_chatkit_python_dacc133,uv,dependency_graph,resolver_metadata,True,True,False,
uv_openai_chatkit_python_dacc133,uv,dependency_graph,sbom_minimal,True,True,False,
uv_openai_chatkit_python_dacc133,uv,dependency_graph,vulnerability_graph,True,True,False,
uv_openai_chatkit_python_dacc133,uv,dependency_graph,reproducible_lock,True,True,False,
uv_universal_mcp_github_5a54476,uv,inventory,parser,True,True,False,
uv_universal_mcp_github_5a54476,uv,inventory,inventory,True,True,False,
uv_universal_mcp_github_5a54476,uv,inventory,metadata,True,True,False,
uv_universal_mcp_github_5a54476,uv,inventory,integrity,True,True,False,
uv_universal_mcp_github_5a54476,uv,inventory,manifest_subset,True,True,False,
uv_universal_mcp_github_5a54476,uv,inventory,source_identity,True,True,False,
uv_universal_mcp_github_5a54476,uv,inventory,resolver_metadata,True,True,False,
uv_universal_mcp_github_5a54476,uv,inventory,sbom_minimal,True,True,False,
uv_universal_mcp_github_5a54476,uv,inventory,vulnerability_graph,True,True,False,
uv_universal_mcp_github_5a54476,uv,inventory,reproducible_lock,True,True,False,
uv_universal_mcp_github_5a54476,uv,dependency_graph,parser,True,True,False,
uv_universal_mcp_github_5a54476,uv,dependency_graph,inventory,True,True,False,
uv_universal_mcp_github_5a54476,uv,dependency_graph,metadata,True,True,False,
uv_universal_mcp_github_5a54476,uv,dependency_graph,integrity,True,True,False,
uv_universal_mcp_github_5a54476,uv,dependency_graph,manifest_subset,True,True,False,
uv_universal_mcp_github_5a54476,uv,dependency_graph,source_identity,True,True,False,
uv_universal_mcp_github_5a54476,uv,dependency_graph,resolver_metadata,True,True,False,
uv_universal_mcp_github_5a54476,uv,dependency_graph,sbom_minimal,True,True,False,
uv_universal_mcp_github_5a54476,uv,dependency_graph,vulnerability_graph,True,True,False,
uv_universal_mcp_github_5a54476,uv,dependency_graph,reproducible_lock,True,True,False,
pdm_d3x_sd_parsers_0949676,pdm,inventory,parser,True,False,True,source
pdm_d3x_sd_parsers_0949676,pdm,inventory,inventory,True,False,True,source
pdm_d3x_sd_parsers_0949676,pdm,inventory,metadata,True,False,True,source
pdm_d3x_sd_parsers_0949676,pdm,inventory,integrity,True,False,True,source
pdm_d3x_sd_parsers_0949676,pdm,inventory,manifest_subset,True,False,True,source
pdm_d3x_sd_parsers_0949676,pdm,inventory,source_identity,False,False,False,source
pdm_d3x_sd_parsers_0949676,pdm,inventory,resolver_metadata,True,False,True,source
pdm_d3x_sd_parsers_0949676,pdm,inventory,sbom_minimal,False,False,False,source
pdm_d3x_sd_parsers_0949676,pdm,inventory,vulnerability_graph,False,False,False,source
pdm_d3x_sd_parsers_0949676,pdm,inventory,reproducible_lock,False,False,False,source
pdm_d3x_sd_parsers_0949676,pdm,dependency_graph,parser,True,False,True,source
pdm_d3x_sd_parsers_0949676,pdm,dependency_graph,inventory,True,False,True,source
pdm_d3x_sd_parsers_0949676,pdm,dependency_graph,metadata,True,False,True,source
pdm_d3x_sd_parsers_0949676,pdm,dependency_graph,integrity,True,False,True,source
pdm_d3x_sd_parsers_0949676,pdm,dependency_graph,manifest_subset,True,False,True,source
pdm_d3x_sd_parsers_0949676,pdm,dependency_graph,source_identity,False,False,False,source
pdm_d3x_sd_parsers_0949676,pdm,dependency_graph,resolver_metadata,True,False,True,source
pdm_d3x_sd_parsers_0949676,pdm,dependency_graph,sbom_minimal,False,False,False,source
pdm_d3x_sd_parsers_0949676,pdm,dependency_graph,vulnerability_graph,False,False,False,source
pdm_d3x_sd_parsers_0949676,pdm,dependency_graph,reproducible_lock,False,False,False,source
poetry_pycap_b1cf4ae,poetry,inventory,parser,True,False,True,source
poetry_pycap_b1cf4ae,poetry,inventory,inventory,True,False,True,source
poetry_pycap_b1cf4ae,poetry,inventory,metadata,True,False,True,source
poetry_pycap_b1cf4ae,poetry,inventory,integrity,True,False,True,source
poetry_pycap_b1cf4ae,poetry,inventory,manifest_subset,True,False,True,source
poetry_pycap_b1cf4ae,poetry,inventory,source_identity,False,False,False,source
poetry_pycap_b1cf4ae,poetry,inventory,resolver_metadata,True,False,True,source
poetry_pycap_b1cf4ae,poetry,inventory,sbom_minimal,False,False,False,source
poetry_pycap_b1cf4ae,poetry,inventory,vulnerability_graph,False,False,False,source
poetry_pycap_b1cf4ae,poetry,inventory,reproducible_lock,False,False,False,source
poetry_pycap_b1cf4ae,poetry,dependency_graph,parser,True,False,True,source
poetry_pycap_b1cf4ae,poetry,dependency_graph,inventory,True,False,True,source
poetry_pycap_b1cf4ae,poetry,dependency_graph,metadata,True,False,True,source
poetry_pycap_b1cf4ae,poetry,dependency_graph,integrity,True,False,True,source
poetry_pycap_b1cf4ae,poetry,dependency_graph,manifest_subset,True,False,True,source
poetry_pycap_b1cf4ae,poetry,dependency_graph,source_identity,False,False,False,source
poetry_pycap_b1cf4ae,poetry,dependency_graph,resolver_metadata,True,False,True,source
poetry_pycap_b1cf4ae,poetry,dependency_graph,sbom_minimal,False,False,False,source
poetry_pycap_b1cf4ae,poetry,dependency_graph,vulnerability_graph,False,False,False,source
poetry_pycap_b1cf4ae,poetry,dependency_graph,reproducible_lock,False,False,False,source
poetry_python_poetry_cf54a1c,poetry,inventory,parser,True,True,False,
poetry_python_poetry_cf54a1c,poetry,inventory,inventory,True,True,False,
poetry_python_poetry_cf54a1c,poetry,inventory,metadata,True,True,False,
poetry_python_poetry_cf54a1c,poetry,inventory,integrity,True,True,False,
poetry_python_poetry_cf54a1c,poetry,inventory,manifest_subset,True,True,False,
poetry_python_poetry_cf54a1c,poetry,inventory,source_identity,True,True,False,
poetry_python_poetry_cf54a1c,poetry,inventory,resolver_metadata,True,True,False,
poetry_python_poetry_cf54a1c,poetry,inventory,sbom_minimal,True,True,False,
poetry_python_poetry_cf54a1c,poetry,inventory,vulnerability_graph,True,True,False,
poetry_python_poetry_cf54a1c,poetry,inventory,reproducible_lock,True,True,False,
poetry_python_poetry_cf54a1c,poetry,dependency_graph,parser,True,True,False,
poetry_python_poetry_cf54a1c,poetry,dependency_graph,inventory,True,True,False,
poetry_python_poetry_cf54a1c,poetry,dependency_graph,metadata,True,True,False,
poetry_python_poetry_cf54a1c,poetry,dependency_graph,integrity,True,True,False,
poetry_python_poetry_cf54a1c,poetry,dependency_graph,manifest_subset,True,True,False,
poetry_python_poetry_cf54a1c,poetry,dependency_graph,source_identity,True,True,False,
poetry_python_poetry_cf54a1c,poetry,dependency_graph,resolver_metadata,True,True,False,
poetry_python_poetry_cf54a1c,poetry,dependency_graph,sbom_minimal,True,True,False,
poetry_python_poetry_cf54a1c,poetry,dependency_graph,vulnerability_graph,True,True,False,
poetry_python_poetry_cf54a1c,poetry,dependency_graph,reproducible_lock,True,True,False,
pdm_project_pdm_ad49b1d,pdm,inventory,parser,True,False,True,source
pdm_project_pdm_ad49b1d,pdm,inventory,inventory,True,False,True,source
pdm_project_pdm_ad49b1d,pdm,inventory,metadata,True,False,True,source
pdm_project_pdm_ad49b1d,pdm,inventory,integrity,True,False,True,source
pdm_project_pdm_ad49b1d,pdm,inventory,manifest_subset,True,False,True,source
pdm_project_pdm_ad49b1d,pdm,inventory,source_identity,False,False,False,source
pdm_project_pdm_ad49b1d,pdm,inventory,resolver_metadata,True,False,True,source
pdm_project_pdm_ad49b1d,pdm,inventory,sbom_minimal,False,False,False,source
pdm_project_pdm_ad49b1d,pdm,inventory,vulnerability_graph,False,False,False,source
pdm_project_pdm_ad49b1d,pdm,inventory,reproducible_lock,False,False,False,source
pdm_project_pdm_ad49b1d,pdm,dependency_graph,parser,True,False,True,source
pdm_project_pdm_ad49b1d,pdm,dependency_graph,inventory,True,False,True,source
pdm_project_pdm_ad49b1d,pdm,dependency_graph,metadata,True,False,True,source
pdm_project_pdm_ad49b1d,pdm,dependency_graph,integrity,True,False,True,source
pdm_project_pdm_ad49b1d,pdm,dependency_graph,manifest_subset,True,False,True,source
pdm_project_pdm_ad49b1d,pdm,dependency_graph,source_identity,False,False,False,source
pdm_project_pdm_ad49b1d,pdm,dependency_graph,resolver_metadata,True,False,True,source
pdm_project_pdm_ad49b1d,pdm,dependency_graph,sbom_minimal,False,False,False,source
pdm_project_pdm_ad49b1d,pdm,dependency_graph,vulnerability_graph,False,False,False,source
pdm_project_pdm_ad49b1d,pdm,dependency_graph,reproducible_lock,False,False,False,source
uv_astral_sh_uv_3cdf50e,uv,inventory,parser,True,True,False,
uv_astral_sh_uv_3cdf50e,uv,inventory,inventory,True,True,False,
uv_astral_sh_uv_3cdf50e,uv,inventory,metadata,True,True,False,
uv_astral_sh_uv_3cdf50e,uv,inventory,integrity,True,True,False,
uv_astral_sh_uv_3cdf50e,uv,inventory,manifest_subset,True,True,False,
uv_astral_sh_uv_3cdf50e,uv,inventory,source_identity,True,True,False,
uv_astral_sh_uv_3cdf50e,uv,inventory,resolver_metadata,True,True,False,
uv_astral_sh_uv_3cdf50e,uv,inventory,sbom_minimal,True,True,False,
uv_astral_sh_uv_3cdf50e,uv,inventory,vulnerability_graph,True,True,False,
uv_astral_sh_uv_3cdf50e,uv,inventory,reproducible_lock,True,True,False,
uv_astral_sh_uv_3cdf50e,uv,dependency_graph,parser,True,True,False,
uv_astral_sh_uv_3cdf50e,uv,dependency_graph,inventory,True,True,False,
uv_astral_sh_uv_3cdf50e,uv,dependency_graph,metadata,True,True,False,
uv_astral_sh_uv_3cdf50e,uv,dependency_graph,integrity,True,True,False,
uv_astral_sh_uv_3cdf50e,uv,dependency_graph,manifest_subset,True,True,False,
uv_astral_sh_uv_3cdf50e,uv,dependency_graph,source_identity,True,True,False,
uv_astral_sh_uv_3cdf50e,uv,dependency_graph,resolver_metadata,True,True,False,
uv_astral_sh_uv_3cdf50e,uv,dependency_graph,sbom_minimal,True,True,False,
uv_astral_sh_uv_3cdf50e,uv,dependency_graph,vulnerability_graph,True,True,False,
uv_astral_sh_uv_3cdf50e,uv,dependency_graph,reproducible_lock,True,True,False,
poetry_hyperdxio_hyperdx_py_05c52ff,poetry,inventory,parser,True,False,True,source
poetry_hyperdxio_hyperdx_py_05c52ff,poetry,inventory,inventory,True,False,True,source
poetry_hyperdxio_hyperdx_py_05c52ff,poetry,inventory,metadata,True,False,True,source
poetry_hyperdxio_hyperdx_py_05c52ff,poetry,inventory,integrity,True,False,True,source
poetry_hyperdxio_hyperdx_py_05c52ff,poetry,inventory,manifest_subset,True,False,True,source
poetry_hyperdxio_hyperdx_py_05c52ff,poetry,inventory,source_identity,False,False,False,source
poetry_hyperdxio_hyperdx_py_05c52ff,poetry,inventory,resolver_metadata,True,False,True,source
poetry_hyperdxio_hyperdx_py_05c52ff,poetry,inventory,sbom_minimal,False,False,False,source
poetry_hyperdxio_hyperdx_py_05c52ff,poetry,inventory,vulnerability_graph,False,False,False,source
poetry_hyperdxio_hyperdx_py_05c52ff,poetry,inventory,reproducible_lock,False,False,False,source
poetry_hyperdxio_hyperdx_py_05c52ff,poetry,dependency_graph,parser,True,False,True,source
poetry_hyperdxio_hyperdx_py_05c52ff,poetry,dependency_graph,inventory,True,False,True,source
poetry_hyperdxio_hyperdx_py_05c52ff,poetry,dependency_graph,metadata,True,False,True,source
poetry_hyperdxio_hyperdx_py_05c52ff,poetry,dependency_graph,integrity,True,False,True,source
poetry_hyperdxio_hyperdx_py_05c52ff,poetry,dependency_graph,manifest_subset,True,False,True,source
poetry_hyperdxio_hyperdx_py_05c52ff,poetry,dependency_graph,source_identity,False,False,False,source
poetry_hyperdxio_hyperdx_py_05c52ff,poetry,dependency_graph,resolver_metadata,True,False,True,source
poetry_hyperdxio_hyperdx_py_05c52ff,poetry,dependency_graph,sbom_minimal,False,False,False,source
poetry_hyperdxio_hyperdx_py_05c52ff,poetry,dependency_graph,vulnerability_graph,False,False,False,source
poetry_hyperdxio_hyperdx_py_05c52ff,poetry,dependency_graph,reproducible_lock,False,False,False,source
poetry_mobilityhouse_ocpp_d6b003d,poetry,inventory,parser,True,False,True,source
poetry_mobilityhouse_ocpp_d6b003d,poetry,inventory,inventory,True,False,True,source
poetry_mobilityhouse_ocpp_d6b003d,poetry,inventory,metadata,True,False,True,source
poetry_mobilityhouse_ocpp_d6b003d,poetry,inventory,integrity,True,False,True,source
poetry_mobilityhouse_ocpp_d6b003d,poetry,inventory,manifest_subset,True,False,True,source
poetry_mobilityhouse_ocpp_d6b003d,poetry,inventory,source_identity,False,False,False,source
poetry_mobilityhouse_ocpp_d6b003d,poetry,inventory,resolver_metadata,True,False,True,source
poetry_mobilityhouse_ocpp_d6b003d,poetry,inventory,sbom_minimal,False,False,False,source
poetry_mobilityhouse_ocpp_d6b003d,poetry,inventory,vulnerability_graph,False,False,False,source
poetry_mobilityhouse_ocpp_d6b003d,poetry,inventory,reproducible_lock,False,False,False,source
poetry_mobilityhouse_ocpp_d6b003d,poetry,dependency_graph,parser,True,False,True,source
poetry_mobilityhouse_ocpp_d6b003d,poetry,dependency_graph,inventory,True,False,True,source
poetry_mobilityhouse_ocpp_d6b003d,poetry,dependency_graph,metadata,True,False,True,source
poetry_mobilityhouse_ocpp_d6b003d,poetry,dependency_graph,integrity,True,False,True,source
poetry_mobilityhouse_ocpp_d6b003d,poetry,dependency_graph,manifest_subset,True,False,True,source
poetry_mobilityhouse_ocpp_d6b003d,poetry,dependency_graph,source_identity,False,False,False,source
poetry_mobilityhouse_ocpp_d6b003d,poetry,dependency_graph,resolver_metadata,True,False,True,source
poetry_mobilityhouse_ocpp_d6b003d,poetry,dependency_graph,sbom_minimal,False,False,False,source
poetry_mobilityhouse_ocpp_d6b003d,poetry,dependency_graph,vulnerability_graph,False,False,False,source
poetry_mobilityhouse_ocpp_d6b003d,poetry,dependency_graph,reproducible_lock,False,False,False,source
poetry_interledger_open_payments_python_sdk_7428278,poetry,inventory,parser,True,False,True,source
poetry_interledger_open_payments_python_sdk_7428278,poetry,inventory,inventory,True,False,True,source
poetry_interledger_open_payments_python_sdk_7428278,poetry,inventory,metadata,True,False,True,source
poetry_interledger_open_payments_python_sdk_7428278,poetry,inventory,integrity,True,False,True,source
poetry_interledger_open_payments_python_sdk_7428278,poetry,inventory,manifest_subset,True,False,True,source
poetry_interledger_open_payments_python_sdk_7428278,poetry,inventory,source_identity,False,False,False,source
poetry_interledger_open_payments_python_sdk_7428278,poetry,inventory,resolver_metadata,True,False,True,source
poetry_interledger_open_payments_python_sdk_7428278,poetry,inventory,sbom_minimal,False,False,False,source
poetry_interledger_open_payments_python_sdk_7428278,poetry,inventory,vulnerability_graph,False,False,False,source
poetry_interledger_open_payments_python_sdk_7428278,poetry,inventory,reproducible_lock,False,False,False,source
poetry_interledger_open_payments_python_sdk_7428278,poetry,dependency_graph,parser,True,False,True,source
poetry_interledger_open_payments_python_sdk_7428278,poetry,dependency_graph,inventory,True,False,True,source
poetry_interledger_open_payments_python_sdk_7428278,poetry,dependency_graph,metadata,True,False,True,source
poetry_interledger_open_payments_python_sdk_7428278,poetry,dependency_graph,integrity,True,False,True,source
poetry_interledger_open_payments_python_sdk_7428278,poetry,dependency_graph,manifest_subset,True,False,True,source
poetry_interledger_open_payments_python_sdk_7428278,poetry,dependency_graph,source_identity,False,False,False,source
poetry_interledger_open_payments_python_sdk_7428278,poetry,dependency_graph,resolver_metadata,True,False,True,source
poetry_interledger_open_payments_python_sdk_7428278,poetry,dependency_graph,sbom_minimal,False,False,False,source
poetry_interledger_open_payments_python_sdk_7428278,poetry,dependency_graph,vulnerability_graph,False,False,False,source
poetry_interledger_open_payments_python_sdk_7428278,poetry,dependency_graph,reproducible_lock,False,False,False,source
poetry_cloud_carbon_footprint_ccf_coefficients_b0032d9,poetry,inventory,parser,True,False,True,source
poetry_cloud_carbon_footprint_ccf_coefficients_b0032d9,poetry,inventory,inventory,True,False,True,source
poetry_cloud_carbon_footprint_ccf_coefficients_b0032d9,poetry,inventory,metadata,True,False,True,source
poetry_cloud_carbon_footprint_ccf_coefficients_b0032d9,poetry,inventory,integrity,True,False,True,source
poetry_cloud_carbon_footprint_ccf_coefficients_b0032d9,poetry,inventory,manifest_subset,True,False,True,source
poetry_cloud_carbon_footprint_ccf_coefficients_b0032d9,poetry,inventory,source_identity,False,False,False,source
poetry_cloud_carbon_footprint_ccf_coefficients_b0032d9,poetry,inventory,resolver_metadata,True,False,True,source
poetry_cloud_carbon_footprint_ccf_coefficients_b0032d9,poetry,inventory,sbom_minimal,False,False,False,source
poetry_cloud_carbon_footprint_ccf_coefficients_b0032d9,poetry,inventory,vulnerability_graph,False,False,False,source
poetry_cloud_carbon_footprint_ccf_coefficients_b0032d9,poetry,inventory,reproducible_lock,False,False,False,source
poetry_cloud_carbon_footprint_ccf_coefficients_b0032d9,poetry,dependency_graph,parser,True,False,True,source
poetry_cloud_carbon_footprint_ccf_coefficients_b0032d9,poetry,dependency_graph,inventory,True,False,True,source
poetry_cloud_carbon_footprint_ccf_coefficients_b0032d9,poetry,dependency_graph,metadata,True,False,True,source
poetry_cloud_carbon_footprint_ccf_coefficients_b0032d9,poetry,dependency_graph,integrity,True,False,True,source
poetry_cloud_carbon_footprint_ccf_coefficients_b0032d9,poetry,dependency_graph,manifest_subset,True,False,True,source
poetry_cloud_carbon_footprint_ccf_coefficients_b0032d9,poetry,dependency_graph,source_identity,False,False,False,source
poetry_cloud_carbon_footprint_ccf_coefficients_b0032d9,poetry,dependency_graph,resolver_metadata,True,False,True,source
poetry_cloud_carbon_footprint_ccf_coefficients_b0032d9,poetry,dependency_graph,sbom_minimal,False,False,False,source
poetry_cloud_carbon_footprint_ccf_coefficients_b0032d9,poetry,dependency_graph,vulnerability_graph,False,False,False,source
poetry_cloud_carbon_footprint_ccf_coefficients_b0032d9,poetry,dependency_graph,reproducible_lock,False,False,False,source
pdm_road_core_service_9d65d15,pdm,inventory,parser,True,True,False,
pdm_road_core_service_9d65d15,pdm,inventory,inventory,True,True,False,
pdm_road_core_service_9d65d15,pdm,inventory,metadata,True,True,False,
pdm_road_core_service_9d65d15,pdm,inventory,integrity,True,True,False,
pdm_road_core_service_9d65d15,pdm,inventory,manifest_subset,True,True,False,
pdm_road_core_service_9d65d15,pdm,inventory,source_identity,True,True,False,
pdm_road_core_service_9d65d15,pdm,inventory,resolver_metadata,True,True,False,
pdm_road_core_service_9d65d15,pdm,inventory,sbom_minimal,True,True,False,
pdm_road_core_service_9d65d15,pdm,inventory,vulnerability_graph,True,True,False,
pdm_road_core_service_9d65d15,pdm,inventory,reproducible_lock,True,True,False,
pdm_road_core_service_9d65d15,pdm,dependency_graph,parser,True,True,False,
pdm_road_core_service_9d65d15,pdm,dependency_graph,inventory,True,True,False,
pdm_road_core_service_9d65d15,pdm,dependency_graph,metadata,True,True,False,
pdm_road_core_service_9d65d15,pdm,dependency_graph,integrity,True,True,False,
pdm_road_core_service_9d65d15,pdm,dependency_graph,manifest_subset,True,True,False,
pdm_road_core_service_9d65d15,pdm,dependency_graph,source_identity,True,True,False,
pdm_road_core_service_9d65d15,pdm,dependency_graph,resolver_metadata,True,True,False,
pdm_road_core_service_9d65d15,pdm,dependency_graph,sbom_minimal,True,True,False,
pdm_road_core_service_9d65d15,pdm,dependency_graph,vulnerability_graph,True,True,False,
pdm_road_core_service_9d65d15,pdm,dependency_graph,reproducible_lock,True,True,False,
pdm_python_validators_validators_70de324,pdm,inventory,parser,True,False,True,source
pdm_python_validators_validators_70de324,pdm,inventory,inventory,True,False,True,source
pdm_python_validators_validators_70de324,pdm,inventory,metadata,True,False,True,source
pdm_python_validators_validators_70de324,pdm,inventory,integrity,True,False,True,source
pdm_python_validators_validators_70de324,pdm,inventory,manifest_subset,True,False,True,source
pdm_python_validators_validators_70de324,pdm,inventory,source_identity,False,False,False,source
pdm_python_validators_validators_70de324,pdm,inventory,resolver_metadata,True,False,True,source
pdm_python_validators_validators_70de324,pdm,inventory,sbom_minimal,False,False,False,source
pdm_python_validators_validators_70de324,pdm,inventory,vulnerability_graph,False,False,False,source
pdm_python_validators_validators_70de324,pdm,inventory,reproducible_lock,False,False,False,source
pdm_python_validators_validators_70de324,pdm,dependency_graph,parser,True,False,True,source
pdm_python_validators_validators_70de324,pdm,dependency_graph,inventory,True,False,True,source
pdm_python_validators_validators_70de324,pdm,dependency_graph,metadata,True,False,True,source
pdm_python_validators_validators_70de324,pdm,dependency_graph,integrity,True,False,True,source
pdm_python_validators_validators_70de324,pdm,dependency_graph,manifest_subset,True,False,True,source
pdm_python_validators_validators_70de324,pdm,dependency_graph,source_identity,False,False,False,source
pdm_python_validators_validators_70de324,pdm,dependency_graph,resolver_metadata,True,False,True,source
pdm_python_validators_validators_70de324,pdm,dependency_graph,sbom_minimal,False,False,False,source
pdm_python_validators_validators_70de324,pdm,dependency_graph,vulnerability_graph,False,False,False,source
pdm_python_validators_validators_70de324,pdm,dependency_graph,reproducible_lock,False,False,False,source
uv_pyprojectx_pyprojectx_e615df9,uv,inventory,parser,True,True,False,
uv_pyprojectx_pyprojectx_e615df9,uv,inventory,inventory,True,True,False,
uv_pyprojectx_pyprojectx_e615df9,uv,inventory,metadata,True,True,False,
uv_pyprojectx_pyprojectx_e615df9,uv,inventory,integrity,True,True,False,
uv_pyprojectx_pyprojectx_e615df9,uv,inventory,manifest_subset,True,True,False,
uv_pyprojectx_pyprojectx_e615df9,uv,inventory,source_identity,True,True,False,
uv_pyprojectx_pyprojectx_e615df9,uv,inventory,resolver_metadata,True,True,False,
uv_pyprojectx_pyprojectx_e615df9,uv,inventory,sbom_minimal,True,True,False,
uv_pyprojectx_pyprojectx_e615df9,uv,inventory,vulnerability_graph,True,True,False,
uv_pyprojectx_pyprojectx_e615df9,uv,inventory,reproducible_lock,True,True,False,
uv_pyprojectx_pyprojectx_e615df9,uv,dependency_graph,parser,True,True,False,
uv_pyprojectx_pyprojectx_e615df9,uv,dependency_graph,inventory,True,True,False,
uv_pyprojectx_pyprojectx_e615df9,uv,dependency_graph,metadata,True,True,False,
uv_pyprojectx_pyprojectx_e615df9,uv,dependency_graph,integrity,True,True,False,
uv_pyprojectx_pyprojectx_e615df9,uv,dependency_graph,manifest_subset,True,True,False,
uv_pyprojectx_pyprojectx_e615df9,uv,dependency_graph,source_identity,True,True,False,
uv_pyprojectx_pyprojectx_e615df9,uv,dependency_graph,resolver_metadata,True,True,False,
uv_pyprojectx_pyprojectx_e615df9,uv,dependency_graph,sbom_minimal,True,True,False,
uv_pyprojectx_pyprojectx_e615df9,uv,dependency_graph,vulnerability_graph,True,True,False,
uv_pyprojectx_pyprojectx_e615df9,uv,dependency_graph,reproducible_lock,True,True,False,
poetry_openstates_openstates_org_82d7667,poetry,inventory,parser,True,False,True,source
poetry_openstates_openstates_org_82d7667,poetry,inventory,inventory,True,False,True,source
poetry_openstates_openstates_org_82d7667,poetry,inventory,metadata,True,False,True,source
poetry_openstates_openstates_org_82d7667,poetry,inventory,integrity,True,False,True,source
poetry_openstates_openstates_org_82d7667,poetry,inventory,manifest_subset,True,False,True,source
poetry_openstates_openstates_org_82d7667,poetry,inventory,source_identity,False,False,False,source
poetry_openstates_openstates_org_82d7667,poetry,inventory,resolver_metadata,True,False,True,source
poetry_openstates_openstates_org_82d7667,poetry,inventory,sbom_minimal,False,False,False,source
poetry_openstates_openstates_org_82d7667,poetry,inventory,vulnerability_graph,False,False,False,source
poetry_openstates_openstates_org_82d7667,poetry,inventory,reproducible_lock,False,False,False,source
poetry_openstates_openstates_org_82d7667,poetry,dependency_graph,parser,True,False,True,source
poetry_openstates_openstates_org_82d7667,poetry,dependency_graph,inventory,True,False,True,source
poetry_openstates_openstates_org_82d7667,poetry,dependency_graph,metadata,True,False,True,source
poetry_openstates_openstates_org_82d7667,poetry,dependency_graph,integrity,True,False,True,source
poetry_openstates_openstates_org_82d7667,poetry,dependency_graph,manifest_subset,True,False,True,source
poetry_openstates_openstates_org_82d7667,poetry,dependency_graph,source_identity,False,False,False,source
poetry_openstates_openstates_org_82d7667,poetry,dependency_graph,resolver_metadata,True,False,True,source
poetry_openstates_openstates_org_82d7667,poetry,dependency_graph,sbom_minimal,False,False,False,source
poetry_openstates_openstates_org_82d7667,poetry,dependency_graph,vulnerability_graph,False,False,False,source
poetry_openstates_openstates_org_82d7667,poetry,dependency_graph,reproducible_lock,False,False,False,source
poetry_py_mine_pyminenet_4238418,poetry,inventory,parser,True,False,True,source;integrity
poetry_py_mine_pyminenet_4238418,poetry,inventory,inventory,True,False,True,source;integrity
poetry_py_mine_pyminenet_4238418,poetry,inventory,metadata,True,False,True,source;integrity
poetry_py_mine_pyminenet_4238418,poetry,inventory,integrity,False,False,False,source;integrity
poetry_py_mine_pyminenet_4238418,poetry,inventory,manifest_subset,True,False,True,source;integrity
poetry_py_mine_pyminenet_4238418,poetry,inventory,source_identity,False,False,False,source;integrity
poetry_py_mine_pyminenet_4238418,poetry,inventory,resolver_metadata,True,False,True,source;integrity
poetry_py_mine_pyminenet_4238418,poetry,inventory,sbom_minimal,False,False,False,source;integrity
poetry_py_mine_pyminenet_4238418,poetry,inventory,vulnerability_graph,False,False,False,source;integrity
poetry_py_mine_pyminenet_4238418,poetry,inventory,reproducible_lock,False,False,False,source;integrity
poetry_py_mine_pyminenet_4238418,poetry,dependency_graph,parser,True,False,True,source;integrity
poetry_py_mine_pyminenet_4238418,poetry,dependency_graph,inventory,True,False,True,source;integrity
poetry_py_mine_pyminenet_4238418,poetry,dependency_graph,metadata,True,False,True,source;integrity
poetry_py_mine_pyminenet_4238418,poetry,dependency_graph,integrity,False,False,False,source;integrity
poetry_py_mine_pyminenet_4238418,poetry,dependency_graph,manifest_subset,True,False,True,source;integrity
poetry_py_mine_pyminenet_4238418,poetry,dependency_graph,source_identity,False,False,False,source;integrity
poetry_py_mine_pyminenet_4238418,poetry,dependency_graph,resolver_metadata,True,False,True,source;integrity
poetry_py_mine_pyminenet_4238418,poetry,dependency_graph,sbom_minimal,False,False,False,source;integrity
poetry_py_mine_pyminenet_4238418,poetry,dependency_graph,vulnerability_graph,False,False,False,source;integrity
poetry_py_mine_pyminenet_4238418,poetry,dependency_graph,reproducible_lock,False,False,False,source;integrity
poetry_pygem_community_pygem_d9f4768,poetry,inventory,parser,True,False,True,source
poetry_pygem_community_pygem_d9f4768,poetry,inventory,inventory,True,False,True,source
poetry_pygem_community_pygem_d9f4768,poetry,inventory,metadata,True,False,True,source
poetry_pygem_community_pygem_d9f4768,poetry,inventory,integrity,True,False,True,source
poetry_pygem_community_pygem_d9f4768,poetry,inventory,manifest_subset,True,False,True,source
poetry_pygem_community_pygem_d9f4768,poetry,inventory,source_identity,False,False,False,source
poetry_pygem_community_pygem_d9f4768,poetry,inventory,resolver_metadata,True,False,True,source
poetry_pygem_community_pygem_d9f4768,poetry,inventory,sbom_minimal,False,False,False,source
poetry_pygem_community_pygem_d9f4768,poetry,inventory,vulnerability_graph,False,False,False,source
poetry_pygem_community_pygem_d9f4768,poetry,inventory,reproducible_lock,False,False,False,source
poetry_pygem_community_pygem_d9f4768,poetry,dependency_graph,parser,True,False,True,source
poetry_pygem_community_pygem_d9f4768,poetry,dependency_graph,inventory,True,False,True,source
poetry_pygem_community_pygem_d9f4768,poetry,dependency_graph,metadata,True,False,True,source
poetry_pygem_community_pygem_d9f4768,poetry,dependency_graph,integrity,True,False,True,source
poetry_pygem_community_pygem_d9f4768,poetry,dependency_graph,manifest_subset,True,False,True,source
poetry_pygem_community_pygem_d9f4768,poetry,dependency_graph,source_identity,False,False,False,source
poetry_pygem_community_pygem_d9f4768,poetry,dependency_graph,resolver_metadata,True,False,True,source
poetry_pygem_community_pygem_d9f4768,poetry,dependency_graph,sbom_minimal,False,False,False,source
poetry_pygem_community_pygem_d9f4768,poetry,dependency_graph,vulnerability_graph,False,False,False,source
poetry_pygem_community_pygem_d9f4768,poetry,dependency_graph,reproducible_lock,False,False,False,source
poetry_chainflip_uniswapv3_python_ecacf7b,poetry,inventory,parser,True,False,True,source;integrity
poetry_chainflip_uniswapv3_python_ecacf7b,poetry,inventory,inventory,True,False,True,source;integrity
poetry_chainflip_uniswapv3_python_ecacf7b,poetry,inventory,metadata,True,False,True,source;integrity
poetry_chainflip_uniswapv3_python_ecacf7b,poetry,inventory,integrity,False,False,False,source;integrity
poetry_chainflip_uniswapv3_python_ecacf7b,poetry,inventory,manifest_subset,True,False,True,source;integrity
poetry_chainflip_uniswapv3_python_ecacf7b,poetry,inventory,source_identity,False,False,False,source;integrity
poetry_chainflip_uniswapv3_python_ecacf7b,poetry,inventory,resolver_metadata,True,False,True,source;integrity
poetry_chainflip_uniswapv3_python_ecacf7b,poetry,inventory,sbom_minimal,False,False,False,source;integrity
poetry_chainflip_uniswapv3_python_ecacf7b,poetry,inventory,vulnerability_graph,False,False,False,source;integrity
poetry_chainflip_uniswapv3_python_ecacf7b,poetry,inventory,reproducible_lock,False,False,False,source;integrity
poetry_chainflip_uniswapv3_python_ecacf7b,poetry,dependency_graph,parser,True,False,True,source;integrity
poetry_chainflip_uniswapv3_python_ecacf7b,poetry,dependency_graph,inventory,True,False,True,source;integrity
poetry_chainflip_uniswapv3_python_ecacf7b,poetry,dependency_graph,metadata,True,False,True,source;integrity
poetry_chainflip_uniswapv3_python_ecacf7b,poetry,dependency_graph,integrity,False,False,False,source;integrity
poetry_chainflip_uniswapv3_python_ecacf7b,poetry,dependency_graph,manifest_subset,True,False,True,source;integrity
poetry_chainflip_uniswapv3_python_ecacf7b,poetry,dependency_graph,source_identity,False,False,False,source;integrity
poetry_chainflip_uniswapv3_python_ecacf7b,poetry,dependency_graph,resolver_metadata,True,False,True,source;integrity
poetry_chainflip_uniswapv3_python_ecacf7b,poetry,dependency_graph,sbom_minimal,False,False,False,source;integrity
poetry_chainflip_uniswapv3_python_ecacf7b,poetry,dependency_graph,vulnerability_graph,False,False,False,source;integrity
poetry_chainflip_uniswapv3_python_ecacf7b,poetry,dependency_graph,reproducible_lock,False,False,False,source;integrity
uv_simple_login_documentation_885f248,uv,inventory,parser,True,True,False,
uv_simple_login_documentation_885f248,uv,inventory,inventory,True,True,False,
uv_simple_login_documentation_885f248,uv,inventory,metadata,True,True,False,
uv_simple_login_documentation_885f248,uv,inventory,integrity,True,True,False,
uv_simple_login_documentation_885f248,uv,inventory,manifest_subset,True,True,False,
uv_simple_login_documentation_885f248,uv,inventory,source_identity,True,True,False,
uv_simple_login_documentation_885f248,uv,inventory,resolver_metadata,True,True,False,
uv_simple_login_documentation_885f248,uv,inventory,sbom_minimal,True,True,False,
uv_simple_login_documentation_885f248,uv,inventory,vulnerability_graph,True,True,False,
uv_simple_login_documentation_885f248,uv,inventory,reproducible_lock,True,True,False,
uv_simple_login_documentation_885f248,uv,dependency_graph,parser,True,True,False,
uv_simple_login_documentation_885f248,uv,dependency_graph,inventory,True,True,False,
uv_simple_login_documentation_885f248,uv,dependency_graph,metadata,True,True,False,
uv_simple_login_documentation_885f248,uv,dependency_graph,integrity,True,True,False,
uv_simple_login_documentation_885f248,uv,dependency_graph,manifest_subset,True,True,False,
uv_simple_login_documentation_885f248,uv,dependency_graph,source_identity,True,True,False,
uv_simple_login_documentation_885f248,uv,dependency_graph,resolver_metadata,True,True,False,
uv_simple_login_documentation_885f248,uv,dependency_graph,sbom_minimal,True,True,False,
uv_simple_login_documentation_885f248,uv,dependency_graph,vulnerability_graph,True,True,False,
uv_simple_login_documentation_885f248,uv,dependency_graph,reproducible_lock,True,True,False,
piptools_tong89_smartnode_3d8db92,pip-tools,inventory,parser,True,False,True,source;manifest_agreement
piptools_tong89_smartnode_3d8db92,pip-tools,inventory,inventory,True,False,True,source;manifest_agreement
piptools_tong89_smartnode_3d8db92,pip-tools,inventory,metadata,True,False,True,source;manifest_agreement
piptools_tong89_smartnode_3d8db92,pip-tools,inventory,integrity,True,False,True,source;manifest_agreement
piptools_tong89_smartnode_3d8db92,pip-tools,inventory,manifest_subset,False,False,False,source;manifest_agreement
piptools_tong89_smartnode_3d8db92,pip-tools,inventory,source_identity,False,False,False,source;manifest_agreement
piptools_tong89_smartnode_3d8db92,pip-tools,inventory,resolver_metadata,True,False,True,source;manifest_agreement
piptools_tong89_smartnode_3d8db92,pip-tools,inventory,sbom_minimal,False,False,False,source;manifest_agreement
piptools_tong89_smartnode_3d8db92,pip-tools,inventory,vulnerability_graph,False,False,False,source;manifest_agreement
piptools_tong89_smartnode_3d8db92,pip-tools,inventory,reproducible_lock,False,False,False,source;manifest_agreement
piptools_tong89_smartnode_3d8db92,pip-tools,dependency_graph,parser,True,False,True,source;dependency_edge;manifest_agreement
piptools_tong89_smartnode_3d8db92,pip-tools,dependency_graph,inventory,True,False,True,source;dependency_edge;manifest_agreement
piptools_tong89_smartnode_3d8db92,pip-tools,dependency_graph,metadata,True,False,True,source;dependency_edge;manifest_agreement
piptools_tong89_smartnode_3d8db92,pip-tools,dependency_graph,integrity,True,False,True,source;dependency_edge;manifest_agreement
piptools_tong89_smartnode_3d8db92,pip-tools,dependency_graph,manifest_subset,False,False,False,source;dependency_edge;manifest_agreement
piptools_tong89_smartnode_3d8db92,pip-tools,dependency_graph,source_identity,False,False,False,source;dependency_edge;manifest_agreement
piptools_tong89_smartnode_3d8db92,pip-tools,dependency_graph,resolver_metadata,True,False,True,source;dependency_edge;manifest_agreement
piptools_tong89_smartnode_3d8db92,pip-tools,dependency_graph,sbom_minimal,False,False,False,source;dependency_edge;manifest_agreement
piptools_tong89_smartnode_3d8db92,pip-tools,dependency_graph,vulnerability_graph,False,False,False,source;dependency_edge;manifest_agreement
piptools_tong89_smartnode_3d8db92,pip-tools,dependency_graph,reproducible_lock,False,False,False,source;dependency_edge;manifest_agreement
pipenv_zarmory_good_8cc60d7,pipenv,inventory,parser,True,True,False,
pipenv_zarmory_good_8cc60d7,pipenv,inventory,inventory,True,True,False,
pipenv_zarmory_good_8cc60d7,pipenv,inventory,metadata,True,True,False,
pipenv_zarmory_good_8cc60d7,pipenv,inventory,integrity,True,True,False,
pipenv_zarmory_good_8cc60d7,pipenv,inventory,manifest_subset,True,True,False,
pipenv_zarmory_good_8cc60d7,pipenv,inventory,source_identity,True,True,False,
pipenv_zarmory_good_8cc60d7,pipenv,inventory,resolver_metadata,True,True,False,
pipenv_zarmory_good_8cc60d7,pipenv,inventory,sbom_minimal,True,True,False,
pipenv_zarmory_good_8cc60d7,pipenv,inventory,vulnerability_graph,False,True,False,
pipenv_zarmory_good_8cc60d7,pipenv,inventory,reproducible_lock,True,True,False,
pipenv_zarmory_good_8cc60d7,pipenv,dependency_graph,parser,True,False,True,dependency_edge
pipenv_zarmory_good_8cc60d7,pipenv,dependency_graph,inventory,True,False,True,dependency_edge
pipenv_zarmory_good_8cc60d7,pipenv,dependency_graph,metadata,True,False,True,dependency_edge
pipenv_zarmory_good_8cc60d7,pipenv,dependency_graph,integrity,True,False,True,dependency_edge
pipenv_zarmory_good_8cc60d7,pipenv,dependency_graph,manifest_subset,True,False,True,dependency_edge
pipenv_zarmory_good_8cc60d7,pipenv,dependency_graph,source_identity,True,False,True,dependency_edge
pipenv_zarmory_good_8cc60d7,pipenv,dependency_graph,resolver_metadata,True,False,True,dependency_edge
pipenv_zarmory_good_8cc60d7,pipenv,dependency_graph,sbom_minimal,True,False,True,dependency_edge
pipenv_zarmory_good_8cc60d7,pipenv,dependency_graph,vulnerability_graph,False,False,False,dependency_edge
pipenv_zarmory_good_8cc60d7,pipenv,dependency_graph,reproducible_lock,True,False,True,dependency_edge
piptools_python_pyperformance_1d3e217,pip-tools,inventory,parser,True,False,True,source;integrity;manifest_agreement
piptools_python_pyperformance_1d3e217,pip-tools,inventory,inventory,True,False,True,source;integrity;manifest_agreement
piptools_python_pyperformance_1d3e217,pip-tools,inventory,metadata,True,False,True,source;integrity;manifest_agreement
piptools_python_pyperformance_1d3e217,pip-tools,inventory,integrity,False,False,False,source;integrity;manifest_agreement
piptools_python_pyperformance_1d3e217,pip-tools,inventory,manifest_subset,False,False,False,source;integrity;manifest_agreement
piptools_python_pyperformance_1d3e217,pip-tools,inventory,source_identity,False,False,False,source;integrity;manifest_agreement
piptools_python_pyperformance_1d3e217,pip-tools,inventory,resolver_metadata,True,False,True,source;integrity;manifest_agreement
piptools_python_pyperformance_1d3e217,pip-tools,inventory,sbom_minimal,False,False,False,source;integrity;manifest_agreement
piptools_python_pyperformance_1d3e217,pip-tools,inventory,vulnerability_graph,False,False,False,source;integrity;manifest_agreement
piptools_python_pyperformance_1d3e217,pip-tools,inventory,reproducible_lock,False,False,False,source;integrity;manifest_agreement
piptools_python_pyperformance_1d3e217,pip-tools,dependency_graph,parser,True,False,True,source;integrity;dependency_edge;manifest_agreement
piptools_python_pyperformance_1d3e217,pip-tools,dependency_graph,inventory,True,False,True,source;integrity;dependency_edge;manifest_agreement
piptools_python_pyperformance_1d3e217,pip-tools,dependency_graph,metadata,True,False,True,source;integrity;dependency_edge;manifest_agreement
piptools_python_pyperformance_1d3e217,pip-tools,dependency_graph,integrity,False,False,False,source;integrity;dependency_edge;manifest_agreement
piptools_python_pyperformance_1d3e217,pip-tools,dependency_graph,manifest_subset,False,False,False,source;integrity;dependency_edge;manifest_agreement
piptools_python_pyperformance_1d3e217,pip-tools,dependency_graph,source_identity,False,False,False,source;integrity;dependency_edge;manifest_agreement
piptools_python_pyperformance_1d3e217,pip-tools,dependency_graph,resolver_metadata,True,False,True,source;integrity;dependency_edge;manifest_agreement
piptools_python_pyperformance_1d3e217,pip-tools,dependency_graph,sbom_minimal,False,False,False,source;integrity;dependency_edge;manifest_agreement
piptools_python_pyperformance_1d3e217,pip-tools,dependency_graph,vulnerability_graph,False,False,False,source;integrity;dependency_edge;manifest_agreement
piptools_python_pyperformance_1d3e217,pip-tools,dependency_graph,reproducible_lock,False,False,False,source;integrity;dependency_edge;manifest_agreement
piptools_rmax_scrapy_inline_requests_2cbbb66,pip-tools,inventory,parser,True,False,True,source;integrity;manifest_agreement
piptools_rmax_scrapy_inline_requests_2cbbb66,pip-tools,inventory,inventory,True,False,True,source;integrity;manifest_agreement
piptools_rmax_scrapy_inline_requests_2cbbb66,pip-tools,inventory,metadata,True,False,True,source;integrity;manifest_agreement
piptools_rmax_scrapy_inline_requests_2cbbb66,pip-tools,inventory,integrity,False,False,False,source;integrity;manifest_agreement
piptools_rmax_scrapy_inline_requests_2cbbb66,pip-tools,inventory,manifest_subset,False,False,False,source;integrity;manifest_agreement
piptools_rmax_scrapy_inline_requests_2cbbb66,pip-tools,inventory,source_identity,False,False,False,source;integrity;manifest_agreement
piptools_rmax_scrapy_inline_requests_2cbbb66,pip-tools,inventory,resolver_metadata,True,False,True,source;integrity;manifest_agreement
piptools_rmax_scrapy_inline_requests_2cbbb66,pip-tools,inventory,sbom_minimal,False,False,False,source;integrity;manifest_agreement
piptools_rmax_scrapy_inline_requests_2cbbb66,pip-tools,inventory,vulnerability_graph,False,False,False,source;integrity;manifest_agreement
piptools_rmax_scrapy_inline_requests_2cbbb66,pip-tools,inventory,reproducible_lock,False,False,False,source;integrity;manifest_agreement
piptools_rmax_scrapy_inline_requests_2cbbb66,pip-tools,dependency_graph,parser,True,False,True,source;integrity;dependency_edge;manifest_agreement
piptools_rmax_scrapy_inline_requests_2cbbb66,pip-tools,dependency_graph,inventory,True,False,True,source;integrity;dependency_edge;manifest_agreement
piptools_rmax_scrapy_inline_requests_2cbbb66,pip-tools,dependency_graph,metadata,True,False,True,source;integrity;dependency_edge;manifest_agreement
piptools_rmax_scrapy_inline_requests_2cbbb66,pip-tools,dependency_graph,integrity,False,False,False,source;integrity;dependency_edge;manifest_agreement
piptools_rmax_scrapy_inline_requests_2cbbb66,pip-tools,dependency_graph,manifest_subset,False,False,False,source;integrity;dependency_edge;manifest_agreement
piptools_rmax_scrapy_inline_requests_2cbbb66,pip-tools,dependency_graph,source_identity,False,False,False,source;integrity;dependency_edge;manifest_agreement
piptools_rmax_scrapy_inline_requests_2cbbb66,pip-tools,dependency_graph,resolver_metadata,True,False,True,source;integrity;dependency_edge;manifest_agreement
piptools_rmax_scrapy_inline_requests_2cbbb66,pip-tools,dependency_graph,sbom_minimal,False,False,False,source;integrity;dependency_edge;manifest_agreement
piptools_rmax_scrapy_inline_requests_2cbbb66,pip-tools,dependency_graph,vulnerability_graph,False,False,False,source;integrity;dependency_edge;manifest_agreement
piptools_rmax_scrapy_inline_requests_2cbbb66,pip-tools,dependency_graph,reproducible_lock,False,False,False,source;integrity;dependency_edge;manifest_agreement
piptools_briancappello_flask_react_spa_b9e4c4b,pip-tools,inventory,parser,True,False,True,source;integrity
piptools_briancappello_flask_react_spa_b9e4c4b,pip-tools,inventory,inventory,True,False,True,source;integrity
piptools_briancappello_flask_react_spa_b9e4c4b,pip-tools,inventory,metadata,True,False,True,source;integrity
piptools_briancappello_flask_react_spa_b9e4c4b,pip-tools,inventory,integrity,False,False,False,source;integrity
piptools_briancappello_flask_react_spa_b9e4c4b,pip-tools,inventory,manifest_subset,True,False,True,source;integrity
piptools_briancappello_flask_react_spa_b9e4c4b,pip-tools,inventory,source_identity,False,False,False,source;integrity
piptools_briancappello_flask_react_spa_b9e4c4b,pip-tools,inventory,resolver_metadata,True,False,True,source;integrity
piptools_briancappello_flask_react_spa_b9e4c4b,pip-tools,inventory,sbom_minimal,False,False,False,source;integrity
piptools_briancappello_flask_react_spa_b9e4c4b,pip-tools,inventory,vulnerability_graph,False,False,False,source;integrity
piptools_briancappello_flask_react_spa_b9e4c4b,pip-tools,inventory,reproducible_lock,False,False,False,source;integrity
piptools_briancappello_flask_react_spa_b9e4c4b,pip-tools,dependency_graph,parser,True,False,True,source;integrity;dependency_edge
piptools_briancappello_flask_react_spa_b9e4c4b,pip-tools,dependency_graph,inventory,True,False,True,source;integrity;dependency_edge
piptools_briancappello_flask_react_spa_b9e4c4b,pip-tools,dependency_graph,metadata,True,False,True,source;integrity;dependency_edge
piptools_briancappello_flask_react_spa_b9e4c4b,pip-tools,dependency_graph,integrity,False,False,False,source;integrity;dependency_edge
piptools_briancappello_flask_react_spa_b9e4c4b,pip-tools,dependency_graph,manifest_subset,True,False,True,source;integrity;dependency_edge
piptools_briancappello_flask_react_spa_b9e4c4b,pip-tools,dependency_graph,source_identity,False,False,False,source;integrity;dependency_edge
piptools_briancappello_flask_react_spa_b9e4c4b,pip-tools,dependency_graph,resolver_metadata,True,False,True,source;integrity;dependency_edge
piptools_briancappello_flask_react_spa_b9e4c4b,pip-tools,dependency_graph,sbom_minimal,False,False,False,source;integrity;dependency_edge
piptools_briancappello_flask_react_spa_b9e4c4b,pip-tools,dependency_graph,vulnerability_graph,False,False,False,source;integrity;dependency_edge
piptools_briancappello_flask_react_spa_b9e4c4b,pip-tools,dependency_graph,reproducible_lock,False,False,False,source;integrity;dependency_edge
piptools_miserlou_zappa_5a11c17,pip-tools,inventory,parser,True,False,True,source;integrity;manifest_agreement
piptools_miserlou_zappa_5a11c17,pip-tools,inventory,inventory,True,False,True,source;integrity;manifest_agreement
piptools_miserlou_zappa_5a11c17,pip-tools,inventory,metadata,True,False,True,source;integrity;manifest_agreement
piptools_miserlou_zappa_5a11c17,pip-tools,inventory,integrity,False,False,False,source;integrity;manifest_agreement
piptools_miserlou_zappa_5a11c17,pip-tools,inventory,manifest_subset,False,False,False,source;integrity;manifest_agreement
piptools_miserlou_zappa_5a11c17,pip-tools,inventory,source_identity,False,False,False,source;integrity;manifest_agreement
piptools_miserlou_zappa_5a11c17,pip-tools,inventory,resolver_metadata,True,False,True,source;integrity;manifest_agreement
piptools_miserlou_zappa_5a11c17,pip-tools,inventory,sbom_minimal,False,False,False,source;integrity;manifest_agreement
piptools_miserlou_zappa_5a11c17,pip-tools,inventory,vulnerability_graph,False,False,False,source;integrity;manifest_agreement
piptools_miserlou_zappa_5a11c17,pip-tools,inventory,reproducible_lock,False,False,False,source;integrity;manifest_agreement
piptools_miserlou_zappa_5a11c17,pip-tools,dependency_graph,parser,True,False,True,source;integrity;dependency_edge;manifest_agreement
piptools_miserlou_zappa_5a11c17,pip-tools,dependency_graph,inventory,True,False,True,source;integrity;dependency_edge;manifest_agreement
piptools_miserlou_zappa_5a11c17,pip-tools,dependency_graph,metadata,True,False,True,source;integrity;dependency_edge;manifest_agreement
piptools_miserlou_zappa_5a11c17,pip-tools,dependency_graph,integrity,False,False,False,source;integrity;dependency_edge;manifest_agreement
piptools_miserlou_zappa_5a11c17,pip-tools,dependency_graph,manifest_subset,False,False,False,source;integrity;dependency_edge;manifest_agreement
piptools_miserlou_zappa_5a11c17,pip-tools,dependency_graph,source_identity,False,False,False,source;integrity;dependency_edge;manifest_agreement
piptools_miserlou_zappa_5a11c17,pip-tools,dependency_graph,resolver_metadata,True,False,True,source;integrity;dependency_edge;manifest_agreement
piptools_miserlou_zappa_5a11c17,pip-tools,dependency_graph,sbom_minimal,False,False,False,source;integrity;dependency_edge;manifest_agreement
piptools_miserlou_zappa_5a11c17,pip-tools,dependency_graph,vulnerability_graph,False,False,False,source;integrity;dependency_edge;manifest_agreement
piptools_miserlou_zappa_5a11c17,pip-tools,dependency_graph,reproducible_lock,False,False,False,source;integrity;dependency_edge;manifest_agreement
piptools_tesselo_pxapi_4f626f1,pip-tools,inventory,parser,True,False,True,source;integrity
piptools_tesselo_pxapi_4f626f1,pip-tools,inventory,inventory,True,False,True,source;integrity
piptools_tesselo_pxapi_4f626f1,pip-tools,inventory,metadata,True,False,True,source;integrity
piptools_tesselo_pxapi_4f626f1,pip-tools,inventory,integrity,False,False,False,source;integrity
piptools_tesselo_pxapi_4f626f1,pip-tools,inventory,manifest_subset,True,False,True,source;integrity
piptools_tesselo_pxapi_4f626f1,pip-tools,inventory,source_identity,False,False,False,source;integrity
piptools_tesselo_pxapi_4f626f1,pip-tools,inventory,resolver_metadata,True,False,True,source;integrity
piptools_tesselo_pxapi_4f626f1,pip-tools,inventory,sbom_minimal,False,False,False,source;integrity
piptools_tesselo_pxapi_4f626f1,pip-tools,inventory,vulnerability_graph,False,False,False,source;integrity
piptools_tesselo_pxapi_4f626f1,pip-tools,inventory,reproducible_lock,False,False,False,source;integrity
piptools_tesselo_pxapi_4f626f1,pip-tools,dependency_graph,parser,True,False,True,source;integrity;dependency_edge
piptools_tesselo_pxapi_4f626f1,pip-tools,dependency_graph,inventory,True,False,True,source;integrity;dependency_edge
piptools_tesselo_pxapi_4f626f1,pip-tools,dependency_graph,metadata,True,False,True,source;integrity;dependency_edge
piptools_tesselo_pxapi_4f626f1,pip-tools,dependency_graph,integrity,False,False,False,source;integrity;dependency_edge
piptools_tesselo_pxapi_4f626f1,pip-tools,dependency_graph,manifest_subset,True,False,True,source;integrity;dependency_edge
piptools_tesselo_pxapi_4f626f1,pip-tools,dependency_graph,source_identity,False,False,False,source;integrity;dependency_edge
piptools_tesselo_pxapi_4f626f1,pip-tools,dependency_graph,resolver_metadata,True,False,True,source;integrity;dependency_edge
piptools_tesselo_pxapi_4f626f1,pip-tools,dependency_graph,sbom_minimal,False,False,False,source;integrity;dependency_edge
piptools_tesselo_pxapi_4f626f1,pip-tools,dependency_graph,vulnerability_graph,False,False,False,source;integrity;dependency_edge
piptools_tesselo_pxapi_4f626f1,pip-tools,dependency_graph,reproducible_lock,False,False,False,source;integrity;dependency_edge
piptools_kiwicom_request_session_3a48443,pip-tools,inventory,parser,True,False,True,source;integrity
piptools_kiwicom_request_session_3a48443,pip-tools,inventory,inventory,True,False,True,source;integrity
piptools_kiwicom_request_session_3a48443,pip-tools,inventory,metadata,True,False,True,source;integrity
piptools_kiwicom_request_session_3a48443,pip-tools,inventory,integrity,False,False,False,source;integrity
piptools_kiwicom_request_session_3a48443,pip-tools,inventory,manifest_subset,True,False,True,source;integrity
piptools_kiwicom_request_session_3a48443,pip-tools,inventory,source_identity,False,False,False,source;integrity
piptools_kiwicom_request_session_3a48443,pip-tools,inventory,resolver_metadata,True,False,True,source;integrity
piptools_kiwicom_request_session_3a48443,pip-tools,inventory,sbom_minimal,False,False,False,source;integrity
piptools_kiwicom_request_session_3a48443,pip-tools,inventory,vulnerability_graph,False,False,False,source;integrity
piptools_kiwicom_request_session_3a48443,pip-tools,inventory,reproducible_lock,False,False,False,source;integrity
piptools_kiwicom_request_session_3a48443,pip-tools,dependency_graph,parser,True,False,True,source;integrity;dependency_edge
piptools_kiwicom_request_session_3a48443,pip-tools,dependency_graph,inventory,True,False,True,source;integrity;dependency_edge
piptools_kiwicom_request_session_3a48443,pip-tools,dependency_graph,metadata,True,False,True,source;integrity;dependency_edge
piptools_kiwicom_request_session_3a48443,pip-tools,dependency_graph,integrity,False,False,False,source;integrity;dependency_edge
piptools_kiwicom_request_session_3a48443,pip-tools,dependency_graph,manifest_subset,True,False,True,source;integrity;dependency_edge
piptools_kiwicom_request_session_3a48443,pip-tools,dependency_graph,source_identity,False,False,False,source;integrity;dependency_edge
piptools_kiwicom_request_session_3a48443,pip-tools,dependency_graph,resolver_metadata,True,False,True,source;integrity;dependency_edge
piptools_kiwicom_request_session_3a48443,pip-tools,dependency_graph,sbom_minimal,False,False,False,source;integrity;dependency_edge
piptools_kiwicom_request_session_3a48443,pip-tools,dependency_graph,vulnerability_graph,False,False,False,source;integrity;dependency_edge
piptools_kiwicom_request_session_3a48443,pip-tools,dependency_graph,reproducible_lock,False,False,False,source;integrity;dependency_edge
piptools_kiwicom_konfetti_f80d175,pip-tools,inventory,parser,True,False,True,source;integrity
piptools_kiwicom_konfetti_f80d175,pip-tools,inventory,inventory,True,False,True,source;integrity
piptools_kiwicom_konfetti_f80d175,pip-tools,inventory,metadata,True,False,True,source;integrity
piptools_kiwicom_konfetti_f80d175,pip-tools,inventory,integrity,False,False,False,source;integrity
piptools_kiwicom_konfetti_f80d175,pip-tools,inventory,manifest_subset,True,False,True,source;integrity
piptools_kiwicom_konfetti_f80d175,pip-tools,inventory,source_identity,False,False,False,source;integrity
piptools_kiwicom_konfetti_f80d175,pip-tools,inventory,resolver_metadata,True,False,True,source;integrity
piptools_kiwicom_konfetti_f80d175,pip-tools,inventory,sbom_minimal,False,False,False,source;integrity
piptools_kiwicom_konfetti_f80d175,pip-tools,inventory,vulnerability_graph,False,False,False,source;integrity
piptools_kiwicom_konfetti_f80d175,pip-tools,inventory,reproducible_lock,False,False,False,source;integrity
piptools_kiwicom_konfetti_f80d175,pip-tools,dependency_graph,parser,True,False,True,source;integrity;dependency_edge
piptools_kiwicom_konfetti_f80d175,pip-tools,dependency_graph,inventory,True,False,True,source;integrity;dependency_edge
piptools_kiwicom_konfetti_f80d175,pip-tools,dependency_graph,metadata,True,False,True,source;integrity;dependency_edge
piptools_kiwicom_konfetti_f80d175,pip-tools,dependency_graph,integrity,False,False,False,source;integrity;dependency_edge
piptools_kiwicom_konfetti_f80d175,pip-tools,dependency_graph,manifest_subset,True,False,True,source;integrity;dependency_edge
piptools_kiwicom_konfetti_f80d175,pip-tools,dependency_graph,source_identity,False,False,False,source;integrity;dependency_edge
piptools_kiwicom_konfetti_f80d175,pip-tools,dependency_graph,resolver_metadata,True,False,True,source;integrity;dependency_edge
piptools_kiwicom_konfetti_f80d175,pip-tools,dependency_graph,sbom_minimal,False,False,False,source;integrity;dependency_edge
piptools_kiwicom_konfetti_f80d175,pip-tools,dependency_graph,vulnerability_graph,False,False,False,source;integrity;dependency_edge
piptools_kiwicom_konfetti_f80d175,pip-tools,dependency_graph,reproducible_lock,False,False,False,source;integrity;dependency_edge
piptools_external_secrets_api_docs_efee255,pip-tools,inventory,parser,True,False,True,source;integrity
piptools_external_secrets_api_docs_efee255,pip-tools,inventory,inventory,True,False,True,source;integrity
piptools_external_secrets_api_docs_efee255,pip-tools,inventory,metadata,True,False,True,source;integrity
piptools_external_secrets_api_docs_efee255,pip-tools,inventory,integrity,False,False,False,source;integrity
piptools_external_secrets_api_docs_efee255,pip-tools,inventory,manifest_subset,True,False,True,source;integrity
piptools_external_secrets_api_docs_efee255,pip-tools,inventory,source_identity,False,False,False,source;integrity
piptools_external_secrets_api_docs_efee255,pip-tools,inventory,resolver_metadata,True,False,True,source;integrity
piptools_external_secrets_api_docs_efee255,pip-tools,inventory,sbom_minimal,False,False,False,source;integrity
piptools_external_secrets_api_docs_efee255,pip-tools,inventory,vulnerability_graph,False,False,False,source;integrity
piptools_external_secrets_api_docs_efee255,pip-tools,inventory,reproducible_lock,False,False,False,source;integrity
piptools_external_secrets_api_docs_efee255,pip-tools,dependency_graph,parser,True,False,True,source;integrity;dependency_edge
piptools_external_secrets_api_docs_efee255,pip-tools,dependency_graph,inventory,True,False,True,source;integrity;dependency_edge
piptools_external_secrets_api_docs_efee255,pip-tools,dependency_graph,metadata,True,False,True,source;integrity;dependency_edge
piptools_external_secrets_api_docs_efee255,pip-tools,dependency_graph,integrity,False,False,False,source;integrity;dependency_edge
piptools_external_secrets_api_docs_efee255,pip-tools,dependency_graph,manifest_subset,True,False,True,source;integrity;dependency_edge
piptools_external_secrets_api_docs_efee255,pip-tools,dependency_graph,source_identity,False,False,False,source;integrity;dependency_edge
piptools_external_secrets_api_docs_efee255,pip-tools,dependency_graph,resolver_metadata,True,False,True,source;integrity;dependency_edge
piptools_external_secrets_api_docs_efee255,pip-tools,dependency_graph,sbom_minimal,False,False,False,source;integrity;dependency_edge
piptools_external_secrets_api_docs_efee255,pip-tools,dependency_graph,vulnerability_graph,False,False,False,source;integrity;dependency_edge
piptools_external_secrets_api_docs_efee255,pip-tools,dependency_graph,reproducible_lock,False,False,False,source;integrity;dependency_edge
piptools_marcopaz_is_service_up_9df5ebb,pip-tools,inventory,parser,True,False,True,source;integrity
piptools_marcopaz_is_service_up_9df5ebb,pip-tools,inventory,inventory,True,False,True,source;integrity
piptools_marcopaz_is_service_up_9df5ebb,pip-tools,inventory,metadata,True,False,True,source;integrity
piptools_marcopaz_is_service_up_9df5ebb,pip-tools,inventory,integrity,False,False,False,source;integrity
piptools_marcopaz_is_service_up_9df5ebb,pip-tools,inventory,manifest_subset,True,False,True,source;integrity
piptools_marcopaz_is_service_up_9df5ebb,pip-tools,inventory,source_identity,False,False,False,source;integrity
piptools_marcopaz_is_service_up_9df5ebb,pip-tools,inventory,resolver_metadata,True,False,True,source;integrity
piptools_marcopaz_is_service_up_9df5ebb,pip-tools,inventory,sbom_minimal,False,False,False,source;integrity
piptools_marcopaz_is_service_up_9df5ebb,pip-tools,inventory,vulnerability_graph,False,False,False,source;integrity
piptools_marcopaz_is_service_up_9df5ebb,pip-tools,inventory,reproducible_lock,False,False,False,source;integrity
piptools_marcopaz_is_service_up_9df5ebb,pip-tools,dependency_graph,parser,True,False,True,source;integrity;dependency_edge
piptools_marcopaz_is_service_up_9df5ebb,pip-tools,dependency_graph,inventory,True,False,True,source;integrity;dependency_edge
piptools_marcopaz_is_service_up_9df5ebb,pip-tools,dependency_graph,metadata,True,False,True,source;integrity;dependency_edge
piptools_marcopaz_is_service_up_9df5ebb,pip-tools,dependency_graph,integrity,False,False,False,source;integrity;dependency_edge
piptools_marcopaz_is_service_up_9df5ebb,pip-tools,dependency_graph,manifest_subset,True,False,True,source;integrity;dependency_edge
piptools_marcopaz_is_service_up_9df5ebb,pip-tools,dependency_graph,source_identity,False,False,False,source;integrity;dependency_edge
piptools_marcopaz_is_service_up_9df5ebb,pip-tools,dependency_graph,resolver_metadata,True,False,True,source;integrity;dependency_edge
piptools_marcopaz_is_service_up_9df5ebb,pip-tools,dependency_graph,sbom_minimal,False,False,False,source;integrity;dependency_edge
piptools_marcopaz_is_service_up_9df5ebb,pip-tools,dependency_graph,vulnerability_graph,False,False,False,source;integrity;dependency_edge
piptools_marcopaz_is_service_up_9df5ebb,pip-tools,dependency_graph,reproducible_lock,False,False,False,source;integrity;dependency_edge
piptools_jeremylow_himawari_bot_f015860,pip-tools,inventory,parser,True,False,True,source;integrity
piptools_jeremylow_himawari_bot_f015860,pip-tools,inventory,inventory,True,False,True,source;integrity
piptools_jeremylow_himawari_bot_f015860,pip-tools,inventory,metadata,True,False,True,source;integrity
piptools_jeremylow_himawari_bot_f015860,pip-tools,inventory,integrity,False,False,False,source;integrity
piptools_jeremylow_himawari_bot_f015860,pip-tools,inventory,manifest_subset,True,False,True,source;integrity
piptools_jeremylow_himawari_bot_f015860,pip-tools,inventory,source_identity,False,False,False,source;integrity
piptools_jeremylow_himawari_bot_f015860,pip-tools,inventory,resolver_metadata,True,False,True,source;integrity
piptools_jeremylow_himawari_bot_f015860,pip-tools,inventory,sbom_minimal,False,False,False,source;integrity
piptools_jeremylow_himawari_bot_f015860,pip-tools,inventory,vulnerability_graph,False,False,False,source;integrity
piptools_jeremylow_himawari_bot_f015860,pip-tools,inventory,reproducible_lock,False,False,False,source;integrity
piptools_jeremylow_himawari_bot_f015860,pip-tools,dependency_graph,parser,True,False,True,source;integrity;dependency_edge
piptools_jeremylow_himawari_bot_f015860,pip-tools,dependency_graph,inventory,True,False,True,source;integrity;dependency_edge
piptools_jeremylow_himawari_bot_f015860,pip-tools,dependency_graph,metadata,True,False,True,source;integrity;dependency_edge
piptools_jeremylow_himawari_bot_f015860,pip-tools,dependency_graph,integrity,False,False,False,source;integrity;dependency_edge
piptools_jeremylow_himawari_bot_f015860,pip-tools,dependency_graph,manifest_subset,True,False,True,source;integrity;dependency_edge
piptools_jeremylow_himawari_bot_f015860,pip-tools,dependency_graph,source_identity,False,False,False,source;integrity;dependency_edge
piptools_jeremylow_himawari_bot_f015860,pip-tools,dependency_graph,resolver_metadata,True,False,True,source;integrity;dependency_edge
piptools_jeremylow_himawari_bot_f015860,pip-tools,dependency_graph,sbom_minimal,False,False,False,source;integrity;dependency_edge
piptools_jeremylow_himawari_bot_f015860,pip-tools,dependency_graph,vulnerability_graph,False,False,False,source;integrity;dependency_edge
piptools_jeremylow_himawari_bot_f015860,pip-tools,dependency_graph,reproducible_lock,False,False,False,source;integrity;dependency_edge
piptools_dallasnews_django_datafreezer_982dcf2,pip-tools,inventory,parser,True,False,True,source;integrity
piptools_dallasnews_django_datafreezer_982dcf2,pip-tools,inventory,inventory,True,False,True,source;integrity
piptools_dallasnews_django_datafreezer_982dcf2,pip-tools,inventory,metadata,True,False,True,source;integrity
piptools_dallasnews_django_datafreezer_982dcf2,pip-tools,inventory,integrity,False,False,False,source;integrity
piptools_dallasnews_django_datafreezer_982dcf2,pip-tools,inventory,manifest_subset,True,False,True,source;integrity
piptools_dallasnews_django_datafreezer_982dcf2,pip-tools,inventory,source_identity,False,False,False,source;integrity
piptools_dallasnews_django_datafreezer_982dcf2,pip-tools,inventory,resolver_metadata,True,False,True,source;integrity
piptools_dallasnews_django_datafreezer_982dcf2,pip-tools,inventory,sbom_minimal,False,False,False,source;integrity
piptools_dallasnews_django_datafreezer_982dcf2,pip-tools,inventory,vulnerability_graph,False,False,False,source;integrity
piptools_dallasnews_django_datafreezer_982dcf2,pip-tools,inventory,reproducible_lock,False,False,False,source;integrity
piptools_dallasnews_django_datafreezer_982dcf2,pip-tools,dependency_graph,parser,True,False,True,source;integrity;dependency_edge
piptools_dallasnews_django_datafreezer_982dcf2,pip-tools,dependency_graph,inventory,True,False,True,source;integrity;dependency_edge
piptools_dallasnews_django_datafreezer_982dcf2,pip-tools,dependency_graph,metadata,True,False,True,source;integrity;dependency_edge
piptools_dallasnews_django_datafreezer_982dcf2,pip-tools,dependency_graph,integrity,False,False,False,source;integrity;dependency_edge
piptools_dallasnews_django_datafreezer_982dcf2,pip-tools,dependency_graph,manifest_subset,True,False,True,source;integrity;dependency_edge
piptools_dallasnews_django_datafreezer_982dcf2,pip-tools,dependency_graph,source_identity,False,False,False,source;integrity;dependency_edge
piptools_dallasnews_django_datafreezer_982dcf2,pip-tools,dependency_graph,resolver_metadata,True,False,True,source;integrity;dependency_edge
piptools_dallasnews_django_datafreezer_982dcf2,pip-tools,dependency_graph,sbom_minimal,False,False,False,source;integrity;dependency_edge
piptools_dallasnews_django_datafreezer_982dcf2,pip-tools,dependency_graph,vulnerability_graph,False,False,False,source;integrity;dependency_edge
piptools_dallasnews_django_datafreezer_982dcf2,pip-tools,dependency_graph,reproducible_lock,False,False,False,source;integrity;dependency_edge
piptools_salaah01_django_form_creator_d020ff1,pip-tools,inventory,parser,True,False,True,source;integrity
piptools_salaah01_django_form_creator_d020ff1,pip-tools,inventory,inventory,True,False,True,source;integrity
piptools_salaah01_django_form_creator_d020ff1,pip-tools,inventory,metadata,True,False,True,source;integrity
piptools_salaah01_django_form_creator_d020ff1,pip-tools,inventory,integrity,False,False,False,source;integrity
piptools_salaah01_django_form_creator_d020ff1,pip-tools,inventory,manifest_subset,True,False,True,source;integrity
piptools_salaah01_django_form_creator_d020ff1,pip-tools,inventory,source_identity,False,False,False,source;integrity
piptools_salaah01_django_form_creator_d020ff1,pip-tools,inventory,resolver_metadata,True,False,True,source;integrity
piptools_salaah01_django_form_creator_d020ff1,pip-tools,inventory,sbom_minimal,False,False,False,source;integrity
piptools_salaah01_django_form_creator_d020ff1,pip-tools,inventory,vulnerability_graph,False,False,False,source;integrity
piptools_salaah01_django_form_creator_d020ff1,pip-tools,inventory,reproducible_lock,False,False,False,source;integrity
piptools_salaah01_django_form_creator_d020ff1,pip-tools,dependency_graph,parser,True,False,True,source;integrity;dependency_edge
piptools_salaah01_django_form_creator_d020ff1,pip-tools,dependency_graph,inventory,True,False,True,source;integrity;dependency_edge
piptools_salaah01_django_form_creator_d020ff1,pip-tools,dependency_graph,metadata,True,False,True,source;integrity;dependency_edge
piptools_salaah01_django_form_creator_d020ff1,pip-tools,dependency_graph,integrity,False,False,False,source;integrity;dependency_edge
piptools_salaah01_django_form_creator_d020ff1,pip-tools,dependency_graph,manifest_subset,True,False,True,source;integrity;dependency_edge
piptools_salaah01_django_form_creator_d020ff1,pip-tools,dependency_graph,source_identity,False,False,False,source;integrity;dependency_edge
piptools_salaah01_django_form_creator_d020ff1,pip-tools,dependency_graph,resolver_metadata,True,False,True,source;integrity;dependency_edge
piptools_salaah01_django_form_creator_d020ff1,pip-tools,dependency_graph,sbom_minimal,False,False,False,source;integrity;dependency_edge
piptools_salaah01_django_form_creator_d020ff1,pip-tools,dependency_graph,vulnerability_graph,False,False,False,source;integrity;dependency_edge
piptools_salaah01_django_form_creator_d020ff1,pip-tools,dependency_graph,reproducible_lock,False,False,False,source;integrity;dependency_edge
piptools_royreznik_plz_970a78d,pip-tools,inventory,parser,True,False,True,source;integrity
piptools_royreznik_plz_970a78d,pip-tools,inventory,inventory,True,False,True,source;integrity
piptools_royreznik_plz_970a78d,pip-tools,inventory,metadata,True,False,True,source;integrity
piptools_royreznik_plz_970a78d,pip-tools,inventory,integrity,False,False,False,source;integrity
piptools_royreznik_plz_970a78d,pip-tools,inventory,manifest_subset,True,False,True,source;integrity
piptools_royreznik_plz_970a78d,pip-tools,inventory,source_identity,False,False,False,source;integrity
piptools_royreznik_plz_970a78d,pip-tools,inventory,resolver_metadata,True,False,True,source;integrity
piptools_royreznik_plz_970a78d,pip-tools,inventory,sbom_minimal,False,False,False,source;integrity
piptools_royreznik_plz_970a78d,pip-tools,inventory,vulnerability_graph,False,False,False,source;integrity
piptools_royreznik_plz_970a78d,pip-tools,inventory,reproducible_lock,False,False,False,source;integrity
piptools_royreznik_plz_970a78d,pip-tools,dependency_graph,parser,True,False,True,source;integrity;dependency_edge
piptools_royreznik_plz_970a78d,pip-tools,dependency_graph,inventory,True,False,True,source;integrity;dependency_edge
piptools_royreznik_plz_970a78d,pip-tools,dependency_graph,metadata,True,False,True,source;integrity;dependency_edge
piptools_royreznik_plz_970a78d,pip-tools,dependency_graph,integrity,False,False,False,source;integrity;dependency_edge
piptools_royreznik_plz_970a78d,pip-tools,dependency_graph,manifest_subset,True,False,True,source;integrity;dependency_edge
piptools_royreznik_plz_970a78d,pip-tools,dependency_graph,source_identity,False,False,False,source;integrity;dependency_edge
piptools_royreznik_plz_970a78d,pip-tools,dependency_graph,resolver_metadata,True,False,True,source;integrity;dependency_edge
piptools_royreznik_plz_970a78d,pip-tools,dependency_graph,sbom_minimal,False,False,False,source;integrity;dependency_edge
piptools_royreznik_plz_970a78d,pip-tools,dependency_graph,vulnerability_graph,False,False,False,source;integrity;dependency_edge
piptools_royreznik_plz_970a78d,pip-tools,dependency_graph,reproducible_lock,False,False,False,source;integrity;dependency_edge
piptools_netflix_diffy_web_1d8c109,pip-tools,inventory,parser,True,False,True,source;integrity
piptools_netflix_diffy_web_1d8c109,pip-tools,inventory,inventory,True,False,True,source;integrity
piptools_netflix_diffy_web_1d8c109,pip-tools,inventory,metadata,True,False,True,source;integrity
piptools_netflix_diffy_web_1d8c109,pip-tools,inventory,integrity,False,False,False,source;integrity
piptools_netflix_diffy_web_1d8c109,pip-tools,inventory,manifest_subset,True,False,True,source;integrity
piptools_netflix_diffy_web_1d8c109,pip-tools,inventory,source_identity,False,False,False,source;integrity
piptools_netflix_diffy_web_1d8c109,pip-tools,inventory,resolver_metadata,True,False,True,source;integrity
piptools_netflix_diffy_web_1d8c109,pip-tools,inventory,sbom_minimal,False,False,False,source;integrity
piptools_netflix_diffy_web_1d8c109,pip-tools,inventory,vulnerability_graph,False,False,False,source;integrity
piptools_netflix_diffy_web_1d8c109,pip-tools,inventory,reproducible_lock,False,False,False,source;integrity
piptools_netflix_diffy_web_1d8c109,pip-tools,dependency_graph,parser,True,False,True,source;integrity;dependency_edge
piptools_netflix_diffy_web_1d8c109,pip-tools,dependency_graph,inventory,True,False,True,source;integrity;dependency_edge
piptools_netflix_diffy_web_1d8c109,pip-tools,dependency_graph,metadata,True,False,True,source;integrity;dependency_edge
piptools_netflix_diffy_web_1d8c109,pip-tools,dependency_graph,integrity,False,False,False,source;integrity;dependency_edge
piptools_netflix_diffy_web_1d8c109,pip-tools,dependency_graph,manifest_subset,True,False,True,source;integrity;dependency_edge
piptools_netflix_diffy_web_1d8c109,pip-tools,dependency_graph,source_identity,False,False,False,source;integrity;dependency_edge
piptools_netflix_diffy_web_1d8c109,pip-tools,dependency_graph,resolver_metadata,True,False,True,source;integrity;dependency_edge
piptools_netflix_diffy_web_1d8c109,pip-tools,dependency_graph,sbom_minimal,False,False,False,source;integrity;dependency_edge
piptools_netflix_diffy_web_1d8c109,pip-tools,dependency_graph,vulnerability_graph,False,False,False,source;integrity;dependency_edge
piptools_netflix_diffy_web_1d8c109,pip-tools,dependency_graph,reproducible_lock,False,False,False,source;integrity;dependency_edge
pipenv_gillescastel_inkscape_figures_02deea6,pipenv,inventory,parser,True,True,False,
pipenv_gillescastel_inkscape_figures_02deea6,pipenv,inventory,inventory,True,True,False,
pipenv_gillescastel_inkscape_figures_02deea6,pipenv,inventory,metadata,True,True,False,
pipenv_gillescastel_inkscape_figures_02deea6,pipenv,inventory,integrity,True,True,False,
pipenv_gillescastel_inkscape_figures_02deea6,pipenv,inventory,manifest_subset,True,True,False,
pipenv_gillescastel_inkscape_figures_02deea6,pipenv,inventory,source_identity,True,True,False,
pipenv_gillescastel_inkscape_figures_02deea6,pipenv,inventory,resolver_metadata,True,True,False,
pipenv_gillescastel_inkscape_figures_02deea6,pipenv,inventory,sbom_minimal,True,True,False,
pipenv_gillescastel_inkscape_figures_02deea6,pipenv,inventory,vulnerability_graph,False,True,False,
pipenv_gillescastel_inkscape_figures_02deea6,pipenv,inventory,reproducible_lock,True,True,False,
pipenv_gillescastel_inkscape_figures_02deea6,pipenv,dependency_graph,parser,True,False,True,dependency_edge
pipenv_gillescastel_inkscape_figures_02deea6,pipenv,dependency_graph,inventory,True,False,True,dependency_edge
pipenv_gillescastel_inkscape_figures_02deea6,pipenv,dependency_graph,metadata,True,False,True,dependency_edge
pipenv_gillescastel_inkscape_figures_02deea6,pipenv,dependency_graph,integrity,True,False,True,dependency_edge
pipenv_gillescastel_inkscape_figures_02deea6,pipenv,dependency_graph,manifest_subset,True,False,True,dependency_edge
pipenv_gillescastel_inkscape_figures_02deea6,pipenv,dependency_graph,source_identity,True,False,True,dependency_edge
pipenv_gillescastel_inkscape_figures_02deea6,pipenv,dependency_graph,resolver_metadata,True,False,True,dependency_edge
pipenv_gillescastel_inkscape_figures_02deea6,pipenv,dependency_graph,sbom_minimal,True,False,True,dependency_edge
pipenv_gillescastel_inkscape_figures_02deea6,pipenv,dependency_graph,vulnerability_graph,False,False,False,dependency_edge
pipenv_gillescastel_inkscape_figures_02deea6,pipenv,dependency_graph,reproducible_lock,True,False,True,dependency_edge
pipenv_lightrush_cli_template_ea2ceeb,pipenv,inventory,parser,True,True,False,
pipenv_lightrush_cli_template_ea2ceeb,pipenv,inventory,inventory,True,True,False,
pipenv_lightrush_cli_template_ea2ceeb,pipenv,inventory,metadata,True,True,False,
pipenv_lightrush_cli_template_ea2ceeb,pipenv,inventory,integrity,True,True,False,
pipenv_lightrush_cli_template_ea2ceeb,pipenv,inventory,manifest_subset,True,True,False,
pipenv_lightrush_cli_template_ea2ceeb,pipenv,inventory,source_identity,True,True,False,
pipenv_lightrush_cli_template_ea2ceeb,pipenv,inventory,resolver_metadata,True,True,False,
pipenv_lightrush_cli_template_ea2ceeb,pipenv,inventory,sbom_minimal,True,True,False,
pipenv_lightrush_cli_template_ea2ceeb,pipenv,inventory,vulnerability_graph,False,True,False,
pipenv_lightrush_cli_template_ea2ceeb,pipenv,inventory,reproducible_lock,True,True,False,
pipenv_lightrush_cli_template_ea2ceeb,pipenv,dependency_graph,parser,True,False,True,dependency_edge
pipenv_lightrush_cli_template_ea2ceeb,pipenv,dependency_graph,inventory,True,False,True,dependency_edge
pipenv_lightrush_cli_template_ea2ceeb,pipenv,dependency_graph,metadata,True,False,True,dependency_edge
pipenv_lightrush_cli_template_ea2ceeb,pipenv,dependency_graph,integrity,True,False,True,dependency_edge
pipenv_lightrush_cli_template_ea2ceeb,pipenv,dependency_graph,manifest_subset,True,False,True,dependency_edge
pipenv_lightrush_cli_template_ea2ceeb,pipenv,dependency_graph,source_identity,True,False,True,dependency_edge
pipenv_lightrush_cli_template_ea2ceeb,pipenv,dependency_graph,resolver_metadata,True,False,True,dependency_edge
pipenv_lightrush_cli_template_ea2ceeb,pipenv,dependency_graph,sbom_minimal,True,False,True,dependency_edge
pipenv_lightrush_cli_template_ea2ceeb,pipenv,dependency_graph,vulnerability_graph,False,False,False,dependency_edge
pipenv_lightrush_cli_template_ea2ceeb,pipenv,dependency_graph,reproducible_lock,True,False,True,dependency_edge
pipenv_joshfinnie_papi_fdf0551,pipenv,inventory,parser,True,True,False,
pipenv_joshfinnie_papi_fdf0551,pipenv,inventory,inventory,True,True,False,
pipenv_joshfinnie_papi_fdf0551,pipenv,inventory,metadata,True,True,False,
pipenv_joshfinnie_papi_fdf0551,pipenv,inventory,integrity,True,True,False,
pipenv_joshfinnie_papi_fdf0551,pipenv,inventory,manifest_subset,True,True,False,
pipenv_joshfinnie_papi_fdf0551,pipenv,inventory,source_identity,True,True,False,
pipenv_joshfinnie_papi_fdf0551,pipenv,inventory,resolver_metadata,True,True,False,
pipenv_joshfinnie_papi_fdf0551,pipenv,inventory,sbom_minimal,True,True,False,
pipenv_joshfinnie_papi_fdf0551,pipenv,inventory,vulnerability_graph,False,True,False,
pipenv_joshfinnie_papi_fdf0551,pipenv,inventory,reproducible_lock,True,True,False,
pipenv_joshfinnie_papi_fdf0551,pipenv,dependency_graph,parser,True,False,True,dependency_edge
pipenv_joshfinnie_papi_fdf0551,pipenv,dependency_graph,inventory,True,False,True,dependency_edge
pipenv_joshfinnie_papi_fdf0551,pipenv,dependency_graph,metadata,True,False,True,dependency_edge
pipenv_joshfinnie_papi_fdf0551,pipenv,dependency_graph,integrity,True,False,True,dependency_edge
pipenv_joshfinnie_papi_fdf0551,pipenv,dependency_graph,manifest_subset,True,False,True,dependency_edge
pipenv_joshfinnie_papi_fdf0551,pipenv,dependency_graph,source_identity,True,False,True,dependency_edge
pipenv_joshfinnie_papi_fdf0551,pipenv,dependency_graph,resolver_metadata,True,False,True,dependency_edge
pipenv_joshfinnie_papi_fdf0551,pipenv,dependency_graph,sbom_minimal,True,False,True,dependency_edge
pipenv_joshfinnie_papi_fdf0551,pipenv,dependency_graph,vulnerability_graph,False,False,False,dependency_edge
pipenv_joshfinnie_papi_fdf0551,pipenv,dependency_graph,reproducible_lock,True,False,True,dependency_edge
pdm_bischoff_m_game_of_life_pygame_f68e37d,pdm,inventory,parser,True,False,True,source
pdm_bischoff_m_game_of_life_pygame_f68e37d,pdm,inventory,inventory,True,False,True,source
pdm_bischoff_m_game_of_life_pygame_f68e37d,pdm,inventory,metadata,True,False,True,source
pdm_bischoff_m_game_of_life_pygame_f68e37d,pdm,inventory,integrity,True,False,True,source
pdm_bischoff_m_game_of_life_pygame_f68e37d,pdm,inventory,manifest_subset,True,False,True,source
pdm_bischoff_m_game_of_life_pygame_f68e37d,pdm,inventory,source_identity,False,False,False,source
pdm_bischoff_m_game_of_life_pygame_f68e37d,pdm,inventory,resolver_metadata,True,False,True,source
pdm_bischoff_m_game_of_life_pygame_f68e37d,pdm,inventory,sbom_minimal,False,False,False,source
pdm_bischoff_m_game_of_life_pygame_f68e37d,pdm,inventory,vulnerability_graph,False,False,False,source
pdm_bischoff_m_game_of_life_pygame_f68e37d,pdm,inventory,reproducible_lock,False,False,False,source
pdm_bischoff_m_game_of_life_pygame_f68e37d,pdm,dependency_graph,parser,True,False,True,source;dependency_edge
pdm_bischoff_m_game_of_life_pygame_f68e37d,pdm,dependency_graph,inventory,True,False,True,source;dependency_edge
pdm_bischoff_m_game_of_life_pygame_f68e37d,pdm,dependency_graph,metadata,True,False,True,source;dependency_edge
pdm_bischoff_m_game_of_life_pygame_f68e37d,pdm,dependency_graph,integrity,True,False,True,source;dependency_edge
pdm_bischoff_m_game_of_life_pygame_f68e37d,pdm,dependency_graph,manifest_subset,True,False,True,source;dependency_edge
pdm_bischoff_m_game_of_life_pygame_f68e37d,pdm,dependency_graph,source_identity,False,False,False,source;dependency_edge
pdm_bischoff_m_game_of_life_pygame_f68e37d,pdm,dependency_graph,resolver_metadata,True,False,True,source;dependency_edge
pdm_bischoff_m_game_of_life_pygame_f68e37d,pdm,dependency_graph,sbom_minimal,False,False,False,source;dependency_edge
pdm_bischoff_m_game_of_life_pygame_f68e37d,pdm,dependency_graph,vulnerability_graph,False,False,False,source;dependency_edge
pdm_bischoff_m_game_of_life_pygame_f68e37d,pdm,dependency_graph,reproducible_lock,False,False,False,source;dependency_edge
pipenv_tateishi_ledger_parser_ec80021,pipenv,inventory,parser,True,True,False,
pipenv_tateishi_ledger_parser_ec80021,pipenv,inventory,inventory,True,True,False,
pipenv_tateishi_ledger_parser_ec80021,pipenv,inventory,metadata,True,True,False,
pipenv_tateishi_ledger_parser_ec80021,pipenv,inventory,integrity,True,True,False,
pipenv_tateishi_ledger_parser_ec80021,pipenv,inventory,manifest_subset,True,True,False,
pipenv_tateishi_ledger_parser_ec80021,pipenv,inventory,source_identity,True,True,False,
pipenv_tateishi_ledger_parser_ec80021,pipenv,inventory,resolver_metadata,True,True,False,
pipenv_tateishi_ledger_parser_ec80021,pipenv,inventory,sbom_minimal,True,True,False,
pipenv_tateishi_ledger_parser_ec80021,pipenv,inventory,vulnerability_graph,False,True,False,
pipenv_tateishi_ledger_parser_ec80021,pipenv,inventory,reproducible_lock,True,True,False,
pipenv_tateishi_ledger_parser_ec80021,pipenv,dependency_graph,parser,True,False,True,dependency_edge
pipenv_tateishi_ledger_parser_ec80021,pipenv,dependency_graph,inventory,True,False,True,dependency_edge
pipenv_tateishi_ledger_parser_ec80021,pipenv,dependency_graph,metadata,True,False,True,dependency_edge
pipenv_tateishi_ledger_parser_ec80021,pipenv,dependency_graph,integrity,True,False,True,dependency_edge
pipenv_tateishi_ledger_parser_ec80021,pipenv,dependency_graph,manifest_subset,True,False,True,dependency_edge
pipenv_tateishi_ledger_parser_ec80021,pipenv,dependency_graph,source_identity,True,False,True,dependency_edge
pipenv_tateishi_ledger_parser_ec80021,pipenv,dependency_graph,resolver_metadata,True,False,True,dependency_edge
pipenv_tateishi_ledger_parser_ec80021,pipenv,dependency_graph,sbom_minimal,True,False,True,dependency_edge
pipenv_tateishi_ledger_parser_ec80021,pipenv,dependency_graph,vulnerability_graph,False,False,False,dependency_edge
pipenv_tateishi_ledger_parser_ec80021,pipenv,dependency_graph,reproducible_lock,True,False,True,dependency_edge
